Department Ref Number,Construction Activity (Y/N),County,Development Name,Address 1,Address 2,Planning Ref,Planning Date,Planning Expiry Date,Detached Units,Semi-detached Units,Terraced Units,Apartment Units,Duplex Units,Total All Units,Occupied Houses,Vacant Houses,Near Complete Active Houses,Near Complete Not Active Houses,Wall Plate Active Houses,Wall Plate Not Active Houses,DPC Active Houses,DPC Not Active Houses,Founds Active Houses,Founds Not Active Houses,No Start Houses,Planning Expired Houses,Occupied Apartments,Vacant Apartments,Near Complete Active Apartments,Near Complete Not Active Apartments,Wall Plate Active Apartments,Wall Plate Not Active Apartments,DPC Active Apartments,DPC Not Active Apartments,Founds Active Apartments,Founds Not Active Apartments,No Start Apartments,Plannig Expired Apt,Roads Complete,Road Base Complete,Roads None,Footpaths Complete,Footpaths Not Complete,Lighting Complete,Lighting Not Complete,Water Potable,Water Storm,Water Waste,No OS Areas In Planning Permission,OS Area Complete,OS Area Levelled,OS Area Untouched,Survey Date,Building Site Only,,Occupied Houses Impacted,Occupied Apartments Impacted
71,No,Carlow,Ard Bhaile,Tullow Road,Rathvilly,04/686,24/04/2005,23/04/2010,58,0,0,0,0,58,10,2,0,1,0,1,0,0,0,0,0,44,0,0,0,0,0,0,0,0,0,0,0,0,0,12,0,12,0,12,0,12,12,12,0,0,0,0,16/08/2017,No,,10,0
74,No,Carlow,Ballyknockan Manor,Kilkenny Road,Leighlinbridge,03/430,14/12/2004,13/12/2009,10,32,18,0,0,60,31,1,0,0,0,0,0,9,0,16,0,3,0,0,0,0,0,0,0,0,0,0,0,0,32,0,0,32,0,32,0,32,32,32,4,1,0,3,18/08/2017,No,,0,0
79,No,Carlow,Castlerock,Carrigduff,Bunclody,03/479,01/10/2003,31/10/2008,11,24,20,8,4,67,54,0,0,0,0,0,0,0,0,0,0,1,6,0,0,0,0,0,0,0,0,6,0,0,60,0,0,60,0,60,0,60,60,60,8,5,0,3,16/08/2017,No,,30,6
82,No,Carlow,Fairgreen Crescent,Tinahely Road,Hackettstown,06/157,06/12/2006,05/12/2011,0,8,0,0,0,8,6,0,0,0,0,0,0,2,0,0,0,0,0,0,0,0,0,0,0,0,0,0,0,0,0,6,0,6,0,6,0,6,6,6,2,2,0,0,16/08/2017,No,,4,0
83,No,Carlow,Friars Lough,Leighlinbridge,Leighlinbridge,04/506,25/10/2005,26/10/2010,31,26,0,0,0,57,19,1,0,5,0,0,0,6,0,0,0,26,0,0,0,0,0,0,0,0,0,0,0,0,18,0,0,18,0,18,0,18,18,18,2,2,0,0,18/08/2017,No,,6,0
84,No,Carlow,Glendale,Shillelagh Road,Tullow,03/572,03/11/2003,02/11/2008,10,42,98,0,0,150,29,0,0,63,0,0,0,0,0,48,0,10,0,0,0,0,0,0,0,0,0,0,0,0,29,0,0,29,0,29,0,29,29,29,6,2,0,4,16/08/2017,No,,0,0
85,No,Carlow,Gort na Greine,Ballinabrannagh,Carlow,06/429,02/11/2006,01/11/2011,42,24,18,0,0,84,42,0,0,2,0,0,0,7,0,0,0,33,0,0,0,0,0,0,0,0,0,0,0,0,0,44,0,44,0,44,0,42,42,42,5,3,1,0,18/08/2017,No,,10,0
89,No,Carlow,Laragh Beg,Ballon,Ballon,04/762,20/02/2006,19/02/2011,1,22,12,0,0,35,13,0,0,0,0,1,0,4,0,0,0,17,0,0,0,0,0,0,0,0,0,0,0,0,13,0,0,13,0,13,0,12,12,12,1,1,0,0,16/08/2017,No,,13,0
96,No,Carlow,Riverfield Court,Myshall Road,Fenagh,"08/348, 06/1164",06/06/2007,05/06/2012,20,0,0,0,0,20,4,1,0,1,0,0,0,0,0,10,0,4,0,0,0,0,0,0,0,0,0,0,0,0,0,6,0,6,0,4,0,2,2,2,0,0,0,0,18/08/2017,No,,4,0
103,No,Carlow,Royal Oak Close,Royal Oak,Bagenalstown,05/225,31/10/2006,30/10/2011,10,0,0,0,0,10,4,0,0,0,0,0,0,3,0,3,0,0,0,0,0,0,0,0,0,0,0,0,0,0,0,4,0,4,0,0,4,4,4,4,1,1,0,0,18/08/2017,No,,1,0
105,No,Carlow,Slievebawn Way ,Fenagh Road,Myshall,"04/158, 07/478 & 10/352",16/11/2004,15/11/2009,1,18,4,0,0,23,6,1,0,0,0,0,0,0,0,0,0,16,0,0,0,0,0,0,0,0,0,0,0,0,0,7,0,7,0,0,7,7,7,7,0,0,0,2,16/08/2017,No,,0,0
111,No,Carlow,The Village,Slaneyquarter,Tullow,Jun-18,27/02/2007,26/02/2012,10,0,0,0,0,10,9,0,0,1,0,0,0,0,0,0,0,0,0,0,0,0,0,0,0,0,0,0,0,0,0,9,0,9,0,9,0,9,9,9,0,0,0,0,16/08/2017,No,,0,0
119,No,Carlow,Brownshill Road,Brownshill Road,Carlow,PD3698,,13/06/2005,4,0,0,0,0,4,0,0,0,0,0,0,0,3,0,1,0,0,0,0,0,0,0,0,0,0,0,0,0,0,0,0,0,0,0,0,0,0,0,0,0,0,0,0,18/08/2017,Yes,1,0,0
124,No,Carlow,Cluain Bui,Mortarstown,Carlow,06/882,16/01/2007,15/01/2012,28,102,0,0,0,130,17,1,0,0,0,0,0,4,0,2,0,106,0,0,0,0,0,0,0,0,0,0,0,0,0,18,0,18,0,18,0,18,18,18,2,2,0,0,18/08/2017,No,,17,0
127,No,Carlow,Lime Grove,Palatine,Carlow,05/267 & 11/49,27/02/2006,26/02/2016,20,54,0,0,0,74,29,0,0,4,0,2,0,1,0,0,0,38,0,0,0,0,0,0,0,0,0,0,0,0,0,29,0,29,0,29,0,29,29,29,1,1,1,0,18/08/2017,No,,6,0
130,No,Carlow,Rivercourt,Tullow Road,Carlow,Apr-38,18/03/2005,17/03/2010,0,100,20,12,0,132,31,5,0,4,0,0,0,16,0,0,0,64,11,1,0,0,0,0,0,0,0,0,0,0,0,48,0,48,0,36,12,48,48,48,2,2,0,0,18/08/2017,No,,10,0
87,No,Carlow,Abbey Close,Templeowen,Tullow,06/276,01/09/2006,01/08/2011,4,20,6,0,0,30,27,1,0,2,0,0,0,0,0,0,0,0,0,0,0,0,0,0,0,0,0,0,0,0,16,14,0,30,0,30,0,16,16,16,3,2,0,1,16/08/2017,No,,0,0
163,No,Cavan,An Cuinn,"Rantavan, Fartagh Rd.",Mullagh,05 1811,02/03/2006,01/03/2011,0,10,0,0,0,10,4,2,0,0,0,0,0,0,0,0,0,4,0,0,0,0,0,0,0,0,0,0,0,0,6,0,0,6,0,0,6,6,6,6,1,0,0,1,20/07/2017,No,,0,0
165,No,Cavan,Ard Aoibhinn,"Mullagh Rd., Ballaghanea",Virginia,03 1803,22/03/2004,21/03/2009,9,0,0,0,0,9,8,0,0,1,0,0,0,0,0,0,0,0,0,0,0,0,0,0,0,0,0,0,0,0,9,0,0,0,9,0,9,9,9,9,2,2,0,0,19/07/2017,No,,0,0
174,No,Cavan,Bellamont View,Clones Rd.,Cootehill,01 1079,18/01/2002,17/01/2007,41,0,0,0,0,41,29,0,0,4,0,3,0,0,0,0,0,5,0,0,0,0,0,0,0,0,0,0,0,0,39,0,0,39,0,30,0,31,31,31,1,0,1,0,20/07/2017,No,,0,0
177,No,Cavan,Carrickleck View,Lissaturrin,Kingscourt,06 1197,22/01/2007,21/01/2012,0,30,0,0,0,30,0,0,0,4,0,5,0,3,0,0,0,18,0,0,0,0,0,0,0,0,0,0,0,0,0,2,0,2,0,0,2,2,2,2,2,0,0,2,20/07/2017,Yes,1,0,0
180,No,Cavan,Cherrymount,Virginia Rd.,Ballyjamesduff,08 1024,10/12/2008,09/12/2013,2,4,0,0,0,6,2,0,0,3,0,0,0,0,0,0,0,1,0,0,0,0,0,0,0,0,0,0,0,0,2,0,3,2,3,0,5,5,5,5,2,2,0,0,19/07/2017,No,,2,0
189,No,Cavan,Corfree Court,Loch Gowna,Loch Gowna,042677+09115,11/09/2010,23/06/2014,4,0,0,0,0,4,1,0,0,1,0,1,0,1,0,0,0,0,0,0,0,0,0,0,0,0,0,0,0,0,0,0,2,2,0,0,2,2,2,2,1,1,0,0,19/07/2017,No,,1,0
191,No,Cavan,Daisyhill Manor,Mullaghduff,Ballyconnell,42470,23/03/2005,22/03/2010,48,20,0,0,0,68,32,1,0,2,0,0,0,0,0,0,0,33,0,0,0,0,0,0,0,0,0,0,0,0,0,33,0,33,0,33,0,33,33,33,7,1,0,6,19/07/2017,No,,3,0
198,No,Cavan,Dun Mullach,Fartagh Rd,Mullagh,05 583,19/10/2005,18/10/2010,11,34,0,0,0,45,7,0,0,1,0,0,0,6,0,0,0,31,0,0,0,0,0,0,0,0,0,0,0,0,0,8,0,8,0,0,8,5,5,5,2,1,0,1,20/07/2017,No,,1,0
202,Yes,Cavan,Eastboro,Kingscourt Rd.,Bailieborough,05 973,18/11/2005,17/11/2010,2,32,28,0,0,62,6,0,8,0,0,0,0,0,0,0,0,48,0,0,0,0,0,0,0,0,0,0,0,0,0,14,0,6,8,0,6,6,6,6,4,0,0,4,20/07/2017,No,,0,0
225,No,Cavan,Mulberry Manor,"Corkish, Kingscourt Rd",Bailieborough,05 1990,06/07/2006,05/07/2011,35,0,0,0,0,35,6,5,0,1,0,0,0,3,0,0,0,20,0,0,0,0,0,0,0,0,0,0,0,0,12,0,0,12,0,12,0,12,12,12,4,0,1,3,20/07/2017,No,,0,0
235,No,Cavan,Ardatha,Snugborough rd,Ballyconnell,03308+042722,17/6/03+17/5/05,16/05/2010,6,0,0,0,0,6,4,2,0,0,0,0,0,0,0,0,0,0,0,0,0,0,0,0,0,0,0,0,0,0,6,0,0,0,6,0,6,6,6,6,0,0,0,0,19/07/2017,No,,0,0
238,No,Cavan,O?Cleirigh Court,Main Street,Mullagh,05 374,12/01/2006,11/01/2011,0,0,8,0,0,8,1,7,0,0,0,0,0,0,0,0,0,0,0,0,0,0,0,0,0,0,0,0,0,0,0,8,0,0,8,0,8,8,8,8,2,1,0,1,20/07/2017,No,,0,0
261,No,Cavan,Rakeevan Heights,Rakeevan,Bailieborough,05 838,11/11/2005,10/11/2011,0,8,0,0,0,8,0,0,0,4,0,2,0,2,0,0,0,0,0,0,0,0,0,0,0,0,0,0,0,0,0,0,4,0,4,0,4,0,0,0,1,0,0,1,20/07/2017,Yes,1,0,0
262,No,Cavan,Ridgway Hall,Cavan Rd,Virginia,08 1549,05/05/2009,04/05/2014,0,0,0,14,0,14,0,0,0,0,0,0,0,0,0,0,0,0,1,2,0,4,0,7,0,0,0,0,0,0,0,0,7,7,0,7,0,7,7,7,2,0,0,2,19/07/2017,No,,0,1
268,No,Cavan,Shamrock Drive,"Bailieborough Rd.,",Kingscourt,04 1040,08/12/2004,06/12/2016,11,46,10,0,0,67,25,2,0,0,0,8,0,6,0,0,0,26,0,0,0,0,0,0,0,0,0,0,0,0,27,0,0,27,0,27,0,27,27,27,1,0,0,1,20/07/2017,No,,5,0
291,No,Cavan,Ashbrooke,Moynehall,Cavan,99698 + 01772 + 04/2492 041922 + 051423 + 03714 + 00651 + 07751,17/01/2000,16/01/2005,59,26,0,60,0,145,78,4,0,0,0,0,0,3,0,0,0,0,12,0,0,0,0,0,0,0,0,0,0,48,97,0,0,97,0,97,0,97,97,97,6,2,0,4,19/07/2017,No,,0,6
292,No,Cavan,Bramble Lane,"Dublin Rd.,",Cavan,04 898,18/01/2005,26/10/2011,51,18,97,34,0,200,56,6,0,17,0,0,0,22,0,0,0,65,0,0,0,0,0,0,0,0,0,0,0,34,0,79,0,79,0,62,0,62,62,62,1,0,0,1,19/07/2017,No,,5,0
296,Yes,Cavan,Cois Na hAbhann,"Cootehill Rd.,",Cavan,06 665,18/07/2006,17/07/2011,14,0,0,0,0,14,10,0,0,0,0,0,0,2,0,0,0,2,0,0,0,0,0,0,0,0,0,0,0,0,0,10,0,10,0,10,0,10,10,10,1,1,0,0,19/07/2017,No,,1,0
299,No,Cavan,Drumalae Manor,Drumalee,Cavan,06 1145,30/01/2007,29/01/2012,9,54,15,4,0,82,39,8,0,0,0,0,0,7,0,0,0,24,1,1,0,0,0,0,0,2,0,0,0,0,0,31,16,47,0,34,3,47,47,47,3,1,0,2,19/07/2017,No,,6,0
303,No,Cavan,Mill Close,Kinnypottle,Cavan,02 1625,18/07/2003,14/08/2010,0,0,0,24,0,24,0,0,0,0,0,0,0,0,0,0,0,0,0,0,0,0,0,0,0,0,0,24,0,0,0,0,0,0,0,0,0,0,0,0,0,0,0,0,19/07/2017,Yes,1,0,0
2958,No,Cavan,Lois na Ri,Chapel Lane,Cootehill,05/696,25/10/2005,24/10/2017,0,36,15,0,0,51,0,0,12,0,0,0,0,0,0,0,0,39,0,0,0,0,0,0,0,0,0,0,0,0,0,0,12,0,12,0,12,12,12,12,4,0,0,4,20/07/2017,Yes,1,0,0
310,Yes,Clare,Ard Ratha,Broadford Road,Sixmilebridge,13/249,05/07/2013,21/05/2016,10,42,9,0,0,61,24,1,0,0,0,0,12,0,0,0,0,24,0,0,0,0,0,0,0,0,0,0,0,0,0,24,0,24,0,24,0,24,24,24,1,0,0,1,01/08/2017,No,,1,0
311,No,Clare,Dun Carraig,BODYKE ROAD,TUAMGRANEY,09/747,08/08/2009,11/02/2015,4,0,0,0,0,4,0,0,0,0,0,0,0,4,0,0,0,0,0,0,0,0,0,0,0,0,0,0,0,0,0,0,0,0,0,0,0,0,0,0,0,0,0,0,01/08/2017,Yes,1,0,0
323,No,Clare,CLUAIN NA LAOI,CLONLEA,KILKISHEN,Nov-62,30/03/2011,22/05/2013,4,46,9,0,0,59,41,2,0,0,0,0,0,16,0,0,0,0,0,0,0,0,0,0,0,0,0,0,0,0,43,0,0,43,0,43,0,43,43,43,2,1,0,1,01/08/2017,No,,0,0
325,Yes,Clare,CLUAININ,TULLAVARRAGA,Shannon,P05/1724,23/06/2006,21/06/2014,12,26,12,25,1,76,41,0,0,3,0,0,2,0,0,0,0,4,20,6,0,0,0,0,0,0,0,0,0,0,30,38,0,66,2,68,0,68,68,68,2,2,0,0,01/08/2017,No,,2,0
326,No,Clare,COIS FHORGHAIS,CLARECASTLE,CLARECASTLE,11182,28/04/2011,20/04/2016,0,0,92,0,0,92,0,0,0,0,0,16,0,0,0,76,0,0,0,0,0,0,0,0,0,0,0,0,0,0,0,0,0,0,0,0,0,0,0,0,3,0,0,3,01/08/2017,Yes,1,0,0
328,No,Clare,CREGG BEACH,MILTOWN MALBAY ROAD,Lahinch,04-1515,08/05/2012,13/07/2015,13,0,0,0,0,13,1,0,0,1,0,0,0,8,0,0,0,3,0,0,0,0,0,0,0,0,0,0,0,0,0,0,0,0,0,0,0,0,0,0,1,0,0,1,01/08/2017,No,,1,0
350,No,Clare,Radharc an Locha,Scarriff Road,Mountshannon,P06/3002,15/02/2007,16/03/2015,7,0,0,0,0,7,1,0,0,2,1,0,0,3,0,0,0,0,0,0,0,0,0,0,0,0,0,0,0,0,0,0,2,2,0,2,0,2,2,2,1,1,0,0,01/08/2017,No,,1,0
911,No,Clare,DERRYMORE,TULLA ROAD,Ennis,05/125,22/08/2005,23/02/2011,28,14,0,0,0,42,20,0,0,4,0,0,0,3,0,0,0,15,0,0,0,0,0,0,0,0,0,0,0,0,20,0,0,20,0,20,0,20,20,20,3,1,2,0,01/08/2017,No,,3,0
920,Yes,Clare,TULLA ROAD,ROSLEVAN,Ennis,Pl58.130815,01/02/2002,05/02/2012,28,92,58,0,0,178,103,3,5,0,0,0,0,0,0,0,0,67,0,0,0,0,0,0,0,0,0,0,0,0,106,0,0,106,0,106,0,106,106,106,4,4,0,0,01/08/2017,No,,0,0
921,No,Clare,WESTWOOD,GOLF LINKS ROAD,Ennis,531,10/05/2005,23/05/2010,0,28,0,0,0,28,20,0,0,2,0,2,0,0,0,0,0,4,0,0,0,0,0,0,0,0,0,0,0,0,0,20,2,20,0,20,0,20,20,20,2,2,0,0,01/08/2017,No,,12,0
376,No,Cork City,20-21 Thomas Davis St,Thomas Davis St,Blackpool,04/28390,22/11/2004,21/11/2009,0,0,0,9,0,9,0,0,0,0,0,0,0,0,0,0,0,0,0,0,0,0,0,9,0,0,0,0,0,0,0,0,0,0,0,0,0,0,0,0,0,0,0,0,05/07/2017,Yes,1,0,0
417,No,Cork City,39 & 40 Shandon St,Shandon St,Cork City,429090,14/03/2005,13/03/2010,0,0,0,5,0,5,0,0,0,0,0,0,0,0,0,0,0,0,0,0,0,0,0,5,0,0,0,0,0,0,0,0,0,0,0,0,0,0,0,0,0,0,0,0,05/09/2017,Yes,1,0,0
3007,No,Cork City,Milestream,Shanakiel,Cork,631414,19/01/2007,18/01/2012,1,14,30,65,0,110,31,0,0,4,0,0,0,0,0,0,0,10,0,0,0,0,0,0,0,0,0,20,0,45,31,0,0,31,0,31,0,31,31,31,1,1,,,05/09/2017,No,,0,0
382,No,Cork County,Clarendon Brook,Carrs Hill,Douglas,51271,21/03/2006,20/03/2011,0,9,0,12,12,33,0,9,0,0,0,0,0,0,0,0,0,0,0,0,0,0,0,0,0,0,0,24,0,0,9,0,0,9,0,9,0,9,9,9,1,0,0,1,16/07/2017,Yes,1,0,0
404,No,Cork County,MOIN NA RI,KILWORTH,KILWORTH,611967,11/12/2007,10/12/2012,46,0,0,0,0,46,0,1,0,0,0,0,0,0,0,0,0,45,0,0,0,0,0,0,0,0,0,0,0,0,0,1,0,1,0,0,0,0,0,0,0,0,0,0,17/07/2017,Yes,1,0,0
406,No,Cork County,MULLA VALE,CASTLETOWNROCHE,CASTLETOWNROCHE,48107,20/04/2005,19/04/2010,1,68,14,0,0,83,7,11,0,2,0,0,0,0,0,0,0,63,0,0,0,0,0,0,0,0,0,0,0,0,12,6,0,18,0,14,4,18,18,18,2,1,0,1,18/07/2017,No,,5,0
435,yes,Cork County,An Radharc,BALLYHOOLY,Ballyhooly,N036062,11/05/2004,10/05/2009,17,0,0,0,0,17,9,0,0,0,0,0,0,0,0,0,0,8,0,0,0,0,0,0,0,0,0,0,0,0,9,0,0,9,0,9,0,9,9,9,3,0,0,3,18/07/2017,No,,0,0
438,No,Cork County,Ard Aoibhinn,Church Hill,Innishannon,99/5878,28/09/2006,,26,22,4,0,0,52,43,0,0,0,0,0,0,9,0,0,0,0,0,0,0,0,0,0,0,0,0,0,0,0,0,41,0,41,0,41,0,41,41,41,1,1,0,0,16/07/2017,No,,9,0
442,No ,Cork County,Ard Na Gleann,Lyre,Lyre,56065,06/03/2006,05/03/2011,46,30,4,0,0,80,45,0,0,0,0,0,0,0,0,3,0,32,0,0,0,0,0,0,0,0,0,0,0,0,37,8,0,45,0,45,0,45,45,45,2,2,0,0,17/07/2017,No,,0,0
446,No,Cork County,ARD NA RI,CASTLELYONS,CASTLELYONS,52640,20/10/2005,19/10/2010,55,0,15,0,0,70,24,2,0,4,0,1,0,1,0,2,0,36,0,0,0,0,0,0,0,0,0,0,0,0,23,0,0,23,0,23,0,23,23,23,4,3,0,1,17/07/2017,No,,10,0
457,No,Cork County,BERRYHILL,CASTLELYONS,CASTLELYONS,36072,31/01/2004,30/01/2009,22,22,26,0,0,70,34,4,0,2,0,0,0,0,0,0,0,30,0,0,0,0,0,0,0,0,0,0,0,0,38,0,0,38,0,38,0,38,38,38,4,3,0,1,17/07/2017,No,,0,0
465,No,Cork County,CASCADE,CARRIGTWOHILL,CARRIGTWOHILL,00/7674 & PL04.131129,21/03/2003,20/03/2008,0,0,0,95,0,95,0,0,0,0,0,0,0,0,0,0,0,0,0,0,0,75,0,20,0,0,0,0,0,0,0,0,0,0,0,0,0,0,0,0,2,1,0,1,16/07/2017,Yes,1,0,0
475,No ,Cork County,CHURCHFIELD,LISDUGGAN STH,CASTLEMAGNER,67091,24/10/2006,23/10/2011,35,62,30,0,0,127,104,2,0,2,0,0,0,0,0,0,0,19,0,0,0,0,0,0,0,0,0,0,0,0,30,76,2,106,2,106,0,106,106,106,4,2,0,2,18/07/2017,No,,0,0
479,No ,Cork County,Cnoic Eoin,Coachford,Coachford,712443,01/05/2008,30/04/2013,26,0,0,0,0,26,0,2,0,0,0,0,0,0,0,0,0,24,0,0,0,0,0,0,0,0,0,0,0,0,2,0,0,2,0,2,0,0,0,0,1,1,0,0,16/07/2017,Yes,1,0,0
481,yes,Cork County,Cois Atha,Baltimore Rd,Skibbereen,12/57001,16/03/2007,,3,6,0,0,0,9,3,0,3,0,0,0,0,0,0,0,0,3,0,0,0,0,0,0,0,0,0,0,0,0,2,0,0,0,2,2,0,2,0,2,0,0,0,0,16/07/2017,No,,0,0
488,No,Cork County,Copperpoint ,Airhill,Schull,10/312,21/09/2005,,0,0,51,0,4,55,13,7,0,27,0,0,0,0,0,0,0,4,0,0,0,0,0,0,4,0,0,0,0,0,5,42,0,42,0,20,0,20,20,20,1,0,1,0,16/07/2017,No,,13,0
494,No,Cork County,Curragh Grove,Off Newmarket Street,Kanturk,43383,17/08/2004,16/08/2009,7,0,0,0,0,7,1,0,0,0,0,0,0,0,0,0,0,6,0,0,0,0,0,0,0,0,0,0,0,0,0,1,0,1,0,0,1,1,1,1,0,0,0,0,18/07/2017,Yes,1,0,0
497,yes,Cork County,Drakes Point,Crosshaven,Crosshaven,068354 & 12/4787 (Ext of duration),06/11/2006,,21,54,126,32,0,233,3,3,4,0,0,0,0,0,0,0,0,191,0,0,0,0,0,0,0,0,0,0,0,32,5,0,0,5,0,5,0,5,5,5,4,1,0,3,16/07/2017,No,,0,0
498,No,Cork County,Development under PP ref. 06/11811,Dromadda Beg,Ladysbridge,06/11811,09/04/2007,08/04/2012,0,0,3,0,0,3,3,0,0,0,0,0,0,0,0,0,0,0,0,0,0,0,0,0,0,0,0,0,0,0,0,0,3,3,0,3,0,3,3,3,0,0,0,0,17/07/2017,No,,0,0
499,yes,Cork County,DROMINEACH,BWEENG,BWEENG,54773,06/10/2005,05/10/2010,7,68,5,0,0,80,61,2,0,4,0,0,0,0,0,9,0,4,0,0,0,0,0,0,0,0,0,0,0,0,0,63,0,63,0,63,0,63,63,63,2,2,0,0,17/07/2017,No,,0,0
509,No,Cork County,Garran na Dara,Kilbrin,Kilbrin,34127,02/11/2004,01/11/2009,17,24,0,0,0,41,34,0,0,0,0,0,0,0,0,7,0,0,0,0,0,0,0,0,0,0,0,0,0,0,0,34,8,34,0,34,0,34,34,34,2,2,0,0,18/07/2017,No,,0,0
510,No,Cork County,Glean Fia,Tower,Blarney,85590,16/06/2008,15/06/2013,15,48,69,29,2,163,13,0,0,0,0,0,0,2,0,4,0,113,0,0,0,0,0,0,0,0,0,0,0,31,0,9,4,13,0,13,0,13,13,13,3,2,0,1,17/07/2017,No,,4,0
513,No,Cork County,GLEANN ULL,BALLYHOOLY,Ballyhooly,52147,07/07/2005,06/07/2010,19,24,0,0,0,43,13,8,0,0,0,0,0,0,0,7,0,15,0,0,0,0,0,0,0,0,0,0,0,0,21,0,0,21,0,21,0,21,21,21,2,2,0,0,18/07/2017,No,,0,0
514,No,Cork County,Glebe Manor,Ardnabourkey,Whitegate,05/1709,21/09/2005,20/09/2010,12,42,35,8,0,97,41,0,0,2,0,0,0,1,0,0,0,45,2,0,0,6,0,0,0,0,0,0,0,0,43,0,0,43,0,43,0,43,43,43,2,1,0,1,17/07/2017,No,,0,0
518,No ,Cork County,Gort na hAbhainn,Milford,Milford,50248,22/07/2005,21/07/2010,5,30,0,0,0,35,12,2,0,2,0,2,0,2,0,0,0,15,0,0,0,0,0,0,0,0,0,0,0,0,14,0,0,14,0,0,14,14,14,14,2,1,0,1,18/07/2017,No,,2,0
523,No,Cork County,"Inis Orga
",Enniskeane,Enniskeane,586,22/08/2005,,0,0,12,0,0,12,0,12,0,0,0,0,0,0,0,0,0,0,0,0,0,0,0,0,0,0,0,0,0,0,0,0,12,12,0,0,12,12,12,12,1,0,1,0,16/07/2017,Yes,1,0,0
525,yes,Cork County,Ivy Court,Upper Aghada,Aghada,55351,06/02/2006,05/02/2011,0,0,11,0,0,11,3,0,0,0,0,4,0,0,0,0,0,4,0,0,0,0,0,0,0,0,0,0,0,0,3,0,0,3,0,3,0,3,3,3,0,0,0,0,17/07/2017,No,,0,0
531,No,Cork County,Lios Ard,BALLYHOOLY,Ballyhooly,3062,15/05/2004,10/05/2009,16,110,0,2,0,128,40,1,0,0,0,0,0,0,0,15,0,70,0,0,0,0,0,0,0,0,0,0,0,2,41,0,0,41,0,41,0,41,41,41,3,2,0,1,18/07/2017,No,,0,0
532,No,Cork County,Lios Cara,Killeens,Killeens,Apr-00,02/11/2004,01/11/2009,3,40,84,0,0,127,94,0,0,0,0,0,0,6,0,0,0,27,0,0,0,0,0,0,0,0,0,0,0,0,74,20,0,94,0,94,0,94,94,94,4,3,0,1,17/07/2017,No,,20,0
533,No,Cork County,Lios na Greine,Lismire,Newmarket,41928,23/02/2005,22/02/2010,11,18,16,0,0,45,4,4,0,1,0,10,0,0,0,0,0,26,0,0,0,0,0,0,0,0,0,0,0,0,8,0,0,8,0,0,8,8,8,8,3,0,0,3,18/07/2017,No,,4,0
534,No ,Cork County,Lios Na Ri,,Charleville,44882,23/12/2004,22/12/2009,9,36,24,0,0,69,64,0,0,0,0,4,0,0,0,0,0,1,0,0,0,0,0,0,0,0,0,0,0,0,64,0,0,64,0,64,0,64,64,64,5,5,0,0,18/07/2017,No,,12,0
540,No,Cork County,Lus An Ime,Spital,Cloyne,35233,16/11/2004,15/11/2009,17,50,38,0,0,105,64,0,0,0,0,0,1,0,0,0,0,40,0,0,0,0,0,0,0,0,0,0,0,0,54,0,1,55,0,55,0,55,55,55,3,2,0,1,16/07/2017,No,,0,0
543,No,Cork County,Mariners View,,Castletownbere,Apr-94,07/07/2005,,30,40,8,0,0,78,31,1,0,3,0,0,0,0,0,10,0,33,0,0,0,0,0,0,0,0,0,0,0,0,0,23,9,30,1,23,9,32,32,32,3,0,1,2,16/07/2017,No,,9,0
551,No,Cork County,Oakfield,Rathgoggin Middle,Charleville,Jun-52,21/02/2007,20/02/2011,28,112,26,6,0,172,21,0,0,0,0,0,0,17,0,0,0,128,0,0,0,0,0,0,0,0,0,0,0,6,21,0,0,21,0,21,0,21,21,21,5,4,0,1,18/07/2017,No,,0,0
566,No ,Cork County,Radharc Na Cille,Brittas,Glanthane,74049,16/08/2007,15/08/2012,10,55,0,0,0,65,0,0,0,11,0,0,0,2,0,0,0,52,0,0,0,0,0,0,0,0,0,0,0,0,0,0,0,0,0,0,0,0,0,0,1,0,0,1,17/07/2017,Yes,1,0,0
579,yes,Cork County,SHANOWEN,CASTLELYONS RD,RATHCORMAC,34444,05/12/2003,04/12/2008,0,100,99,0,0,199,159,1,0,2,0,0,0,0,0,0,0,37,0,0,0,0,0,0,0,0,0,0,0,0,159,0,0,160,0,160,0,160,160,160,5,3,0,2,17/07/2017,No,,0,0
585,No,Cork County,The Beeches,Laharan East,Boherbue,47493,02/06/2005,01/06/2010,4,50,10,0,0,64,26,4,0,10,0,12,0,8,0,4,0,0,0,0,0,0,0,0,0,0,0,0,0,0,0,40,0,40,0,22,18,30,30,30,3,1,0,2,18/07/2017,No,,10,0
586,No,Cork County,The Gables,Dromina,Dromina,46078,06/01/2005,05/01/2010,5,0,0,0,0,5,5,0,0,0,0,0,0,0,0,0,0,0,0,0,0,0,0,0,0,0,0,0,0,0,2,3,0,2,3,0,5,5,5,5,1,0,0,1,18/07/2017,No,,3,0
591,No,Cork County,The Pastures,Love Lane,Charleville,45382,12/10/2004,11/10/2009,0,62,20,0,0,82,39,13,0,4,0,0,0,12,0,0,0,14,0,0,0,0,0,0,0,0,0,0,0,0,52,0,0,52,0,52,0,52,52,52,2,1,1,0,18/07/2017,No,,4,0
594,No,Cork County,Ard an Bhaile,,Buttevant,47675,24/05/2005,23/05/2010,4,94,33,0,0,131,55,2,0,0,0,0,0,6,0,0,0,68,0,0,0,0,0,0,0,0,0,0,0,0,0,57,0,57,0,57,0,57,57,57,3,1,0,2,18/07/2017,No,,0,0
597,No ,Cork County,The Quarry,BALLYCASKIN,CARRIGNAVAR,Feb-33,15/07/2003,14/07/2008,0,2,8,0,0,10,0,0,0,0,0,10,0,0,0,0,0,0,0,0,0,0,0,0,0,0,0,0,0,0,0,0,0,0,0,0,0,0,0,0,0,0,0,0,17/07/2017,Yes,1,0,0
601,No,Cork County,Vicars Glebe,Coachford,Coachford,713376,29/04/2008,28/04/2013,15,54,0,0,0,69,0,2,0,12,0,0,0,0,0,0,0,55,0,0,0,0,0,0,0,0,0,0,0,0,2,0,0,2,0,2,0,2,2,2,1,1,0,0,16/07/2017,Yes,1,0,0
955,No,Cork County,CRANN ARD,PIKE RD,FERMOY,53120,12/09/2005,11/09/2010,0,40,92,0,0,132,81,0,0,0,0,0,0,0,0,11,0,40,0,0,0,0,0,0,0,0,0,0,0,0,81,0,0,81,0,81,0,81,81,81,10,7,0,3,17/07/2017,No,,10,0
1486,No,Cork County,Abbey Fort,Kinsale,Kinsale,0611830 & 12/4124,19/06/2007,18/06/2012,31,46,137,42,0,256,32,3,0,0,0,0,0,0,0,0,0,179,0,0,0,0,0,0,0,0,0,0,0,42,35,0,0,35,0,35,0,35,35,35,7,1,0,6,16/07/2017,No,,0,0
1909,No,Cork County,Cluain Reidh,Ballyvourney,Macroom,56890,26/05/2006,26/05/2011,6,30,10,0,0,46,7,12,0,10,0,0,0,15,0,0,0,2,0,0,0,0,0,0,0,0,0,0,0,0,0,29,0,29,0,19,10,19,19,19,1,1,0,0,16/07/2017,No,,7,0
1918,No ,Cork County,"Development under PP ref. 05/54039
",Killarney Road,Macroom,05/54039,07/12/2005,06/12/2010,4,4,0,0,0,8,0,0,0,5,0,0,0,0,0,0,0,3,0,0,0,0,0,0,0,0,0,0,0,0,0,0,0,0,0,0,0,0,0,0,0,0,0,0,16/07/2017,Yes,1,0,0
1920,No,Cork County,Ros Alainn,"Gortenroe, Millstreet Road",Macroom,"0554029, 0654037 & 0754049",24/04/2008,23/04/2013,12,46,15,0,0,73,48,8,0,3,0,3,0,0,0,0,0,11,0,0,0,0,0,0,0,0,0,0,0,0,0,53,0,53,0,53,0,53,53,53,5,3,0,2,16/07/2017,No,,19,0
1928,No,Cork County,Castle Park Village (Phase 2),St Josephs Road,Mallow,655035,02/01/2007,01/01/2012,8,60,40,0,0,108,12,0,0,0,0,0,0,12,0,0,0,84,0,0,0,0,0,0,0,0,0,0,0,0,12,0,0,12,0,12,0,12,12,12,3,0,0,3,18/07/2017,No,,0,0
1933,No,Cork County,Earlscourt,Churchtown,Mallow,613813,29/06/2007,28/06/2012,10,40,20,0,0,70,14,0,0,0,0,0,0,5,1,0,0,50,0,0,0,0,0,0,0,0,0,0,0,0,0,14,0,14,0,14,0,14,14,14,2,1,0,1,18/07/2017,No,,8,0
1939,No,Cork County,Hazel brook,Ballyviniter,Mallow,75997,25/11/2007,24/11/2012,10,84,100,0,0,194,73,0,0,0,0,0,0,1,0,0,0,120,0,0,0,0,0,0,0,0,0,0,0,0,73,0,0,73,0,73,0,73,73,73,0,0,0,0,18/07/2017,No,,0,0
1943,No,Cork County,The Old Course,Ironmines,Mallow,45426,08/02/2005,07/02/2010,2,40,36,14,0,92,38,0,0,0,0,0,0,28,0,12,0,0,10,4,0,0,0,0,0,0,0,0,0,0,52,0,0,52,0,52,0,52,52,52,0,0,0,0,18/07/2017,No,,0,0
2112,No,Cork County,Lake View,Rostellan,Midleton,64694,19/06/2006,18/06/2011,0,6,4,0,0,10,8,0,0,0,0,0,0,0,0,2,0,0,0,0,0,0,0,0,0,0,0,0,0,0,7,0,0,7,0,7,0,7,7,7,0,0,0,0,17/07/2017,No,,0,0
2845,No,Cork County,THE ESTUARY,MAGNERS HILL,Youghal,558037,29/03/2006,28/03/2011,1,6,29,4,0,40,22,4,0,4,0,0,0,0,0,0,0,6,0,0,0,0,0,0,0,0,0,0,0,4,29,0,0,29,0,30,2,26,26,26,0,0,0,0,17/07/2017,No,,2,0
3006,No,Cork County,Pairc an Aonaigh,Killeagh Road,Mogeely,Dec-11,16/05/2012,15/05/2017,22,22,0,0,0,44,0,0,0,4,0,0,0,0,0,3,0,37,0,0,0,0,0,0,0,0,0,0,0,0,0,0,0,0,0,0,0,0,0,0,2,0,0,2,17/07/2017,Yes,1,0,0
3050,No,Cork County,CURRA GLEN,UPPER AGHADA,MIDLETON,Nov-35,28/04/2011,27/04/2016,0,4,8,2,0,14,0,0,0,0,0,0,0,0,0,8,0,4,0,0,0,0,0,0,0,0,0,0,0,2,0,0,0,0,0,0,0,0,0,0,0,0,0,0,17/07/2017,Yes,1,0,0
3053,No,Cork County,SLIABH ALAINN,BRIGOWN,MITCHLESTOWN,03/0281,13/06/2003,12/06/2008,20,18,15,0,0,53,51,1,0,0,0,0,0,0,0,1,0,0,0,0,0,0,0,0,0,0,0,0,0,0,52,0,0,52,0,52,0,52,52,52,1,1,0,0,18/07/2017,No,,0,0
3054,No,Cork County,LUI NA GREINE,BALLINWILLIN,MITCHLESTOWN,Jan-69,30/12/2002,29/12/2007,4,22,9,0,0,35,33,0,0,0,0,0,0,0,0,2,0,0,0,0,0,0,0,0,0,0,0,0,0,0,35,0,0,35,0,35,0,33,33,33,1,1,0,0,18/07/2017,No,,0,0
3086,No,Cork County,Brook Hill,Balea Road,Carrigaline,"07/8225, 05/3089, 12/6153",23/08/2007,22/08/2012,109,0,0,2,0,111,0,4,0,0,0,0,0,0,0,13,0,92,0,0,0,0,0,0,0,0,0,0,0,2,0,1,0,1,0,0,1,0,0,0,3,0,0,3,16/07/2017,No ,,0,0
3087,No,Cork County,Mansfield House,Pembroke,Passage West,"08/4894, 07/10430, 06/4181, 13/4793",09/12/2008,08/12/2013,0,10,3,12,0,25,0,0,0,0,0,0,0,0,0,0,0,13,12,0,0,0,0,0,0,0,0,0,0,0,12,0,0,12,0,12,0,12,12,12,1,0,0,1,16/07/2017,No,,0,0
633,No,DLR,"Grand Central, South Central",,Sandyford,D05A/1159/E,26/07/2011,20/07/2016 [conditioned],0,0,0,899,0,899,0,0,0,0,0,0,0,0,0,0,0,0,419,0,0,0,0,480,0,0,0,0,0,0,419,0,0,419,0,419,0,419,419,419,4,2,0,2,31/08/2017,No,,0,200
612,No,DLR ,Aberdour,Stillorgan Road,Foxrock,D08A/0028 [Bond cond. D04A/0778],18/06/2008,18/06/2013 expired,4,0,0,0,0,4,0,0,0,0,0,1,0,0,0,0,0,3,0,0,0,0,0,0,0,0,0,0,0,0,0,0,0,0,0,0,0,0,0,0,0,0,0,0,31/08/2017,Yes,1,0,0
625,No,DLR ,Camberely  Demense,Churchtown Road,Churchtown,D06A/0359 [Bond cond. D04A/1511],15/06/2006,15/06/2011 expired,0,0,0,24,0,24,0,0,0,0,0,0,0,0,0,0,0,0,0,0,0,0,0,0,24,0,0,0,0,0,24,0,0,24,0,24,0,24,24,24,1,0,0,1,31/08/2017,Yes,1,0,0
627,No,DLR ,Carrickmines Manor,Glenamuck Road,Carrickmines,D02A/1061E1,05/06/2008,5/06/2013 expired,8,0,105,165,54,332,62,0,0,9,0,1,0,20,0,0,0,21,142,8,0,0,0,0,0,0,0,0,0,69,203,39,0,212,0,212,9,212,212,212,9,4,0,5,31/08/2017,"No
",,0,0
632,No,DLR ,Goldiwill,Church Road,Killiney,DO6A/0046 PL06D.220620,03/05/2007,3/05/2012 expired,4,0,0,0,0,4,0,0,0,4,0,0,0,0,0,0,0,0,0,0,0,0,0,0,0,0,0,0,0,0,0,0,0,0,0,0,0,0,0,0,1,0,0,1,31/08/2017,Yes,1,0,0
62,Yes,Donegal,The Courtyard,Ballymacarry,Buncrana,05/90003,28/08/2006,27/08/2011,0,0,0,32,8,40,0,0,0,0,0,0,0,0,0,0,0,0,18,2,0,8,0,2,0,10,0,0,0,0,30,0,0,30,0,30,0,30,30,30,3,3,0,0,08/08/2017,No,,0,0
63,Yes,Donegal,"Crest of the Wave, The Causeway ",Magharacar,Bundoran,04/246,17/05/2004,16/10/2016,29,0,0,0,0,29,13,2,0,1,0,6,0,3,0,4,0,0,0,0,0,0,0,0,0,0,0,0,0,0,0,15,0,10,0,0,15,15,15,15,2,2,0,0,10/08/2017,No,,5,0
67,No,Donegal,Milner Properties,Single St. Finner,Bundoran,06/20372,31/07/2006,30/07/2011,4,0,0,0,0,4,0,0,0,0,0,2,0,0,0,2,0,0,0,0,0,0,0,0,0,0,0,0,0,0,0,0,0,0,0,0,0,0,0,0,0,0,0,0,10/08/2017,Yes,1,0,0
666,No,Donegal,1-4 Magheraclogher,Magheraclogher,Bunbeg,Apr-42,29/06/2004,27/06/2016,0,4,0,0,0,4,0,0,0,4,0,0,0,0,0,0,0,0,0,0,0,0,0,0,0,0,0,0,0,0,0,0,0,0,0,0,0,0,0,0,1,0,0,1,09/08/2017,Yes,1,0,0
667,No,Donegal,An Gallan,"Townparks, Letterkenny Rd.",Convoy,05/60248,11/07/2006,11/07/2016,1,22,0,0,0,23,1,6,0,0,0,4,0,12,0,0,0,0,0,0,0,0,0,0,0,0,0,0,0,0,7,0,0,7,0,7,0,7,7,7,3,3,0,0,09/08/2017,No,,1,0
669,No,Donegal,An Mullan,Kildrum Upper,"Killea, Carrigans",07/71612,11/04/2008,10/04/2013,22,12,0,0,0,34,0,0,0,0,0,0,0,0,0,9,0,25,0,0,0,0,0,0,0,0,0,0,0,0,0,2,0,2,0,2,0,2,2,2,2,0,0,2,08/08/2017,Yes,1,0,0
673,No,Donegal,Ard Na Greine,Ardara Road,Ardara,May-50,19/09/2005,18/09/2010,9,64,0,0,0,73,37,2,0,10,0,4,0,0,0,0,0,20,0,0,0,0,0,0,0,0,0,0,0,0,39,0,0,39,0,39,0,39,39,39,3,2,0,1,10/08/2017,No,,2,0
678,No,Donegal,Bridge View,Station Road,Lifford,"05/6043, 06/40611","13/05/05, 07/11/06",16/06/2010,0,0,0,32,0,32,0,0,0,0,0,0,0,0,0,0,0,0,10,6,0,0,0,0,0,16,0,0,0,0,0,16,0,16,0,16,0,16,16,16,1,0,1,0,08/08/2017,No,,0,0
686,No,Donegal,Gerard?s Way,"Churchland, Malin Road",Carndonagh,May-14,24/06/2005,23/06/2017,2,20,0,0,0,22,12,8,0,1,0,1,0,0,0,0,0,0,0,0,0,0,0,0,0,0,0,0,0,0,20,0,0,20,0,20,0,20,20,20,1,0,0,1,08/08/2017,No,,12,0
691,No,Donegal,Cluain Arden,Rockhill,Portnablagh,07/30146,09/05/2007,08/05/2012,0,2,4,0,0,6,0,1,0,5,0,0,0,0,0,0,0,0,0,0,0,0,0,0,0,0,0,0,0,0,0,4,0,0,0,0,0,6,6,6,1,0,0,1,09/08/2017,Yes,1,0,0
693,No,Donegal,Cluain na Fine,Navenny Lower,Ballybofey,05/60089,02/10/2006,01/10/2016,5,12,0,0,0,17,0,0,0,0,0,0,0,13,0,0,0,4,0,0,0,0,0,0,0,0,0,0,0,0,0,0,0,0,0,0,0,0,0,0,3,0,0,3,09/08/2017,Yes,1,0,0
696,No,Donegal,Corran Binne,Horn Head Rd.,Dunfanaghy,Mar-60,23/02/2004,20/02/2018,7,0,0,0,0,7,2,0,0,0,0,0,0,2,0,0,3,0,0,0,0,0,0,0,0,0,0,0,0,0,2,0,0,2,0,2,0,2,2,2,0,0,0,0,09/08/2017,No,,0,0
701,Yes,Donegal,Cuirt na Ri,Old Laghy Rd.,Donegal Town,07/21308,25/03/2008,24/03/2013,2,14,6,0,0,22,5,8,0,0,0,0,0,0,0,8,0,1,0,0,0,0,0,0,0,0,0,0,0,0,9,0,0,9,0,9,0,9,9,9,2,0,0,2,10/08/2017,No,,0,0
712,No,Donegal,Development under PP ref. 02/147,Keenaghan,Kilcar,02/147,07/05/2002,06/05/2007,0,16,0,0,0,16,13,0,3,0,0,0,0,0,0,0,0,0,0,0,0,0,0,0,0,0,0,0,0,0,0,14,0,0,14,0,14,14,14,14,2,0,0,2,10/08/2017,No,,11,0
713,No,Donegal,Gannew & Curreen rd,Gannew & Curreen rd,Glencolmcille,06/20193,14/08/2006,13/08/2011,0,6,0,0,0,6,0,0,0,2,0,4,0,0,0,0,0,0,0,0,0,0,0,0,0,0,0,0,0,0,0,0,0,0,0,0,0,0,0,0,1,0,0,1,10/08/2017,Yes,1,0,0
716,No,Donegal,Glen Ea,Gortnamucklagh,Glenties,06/31487,09/05/2007,08/05/2017,11,18,0,0,0,29,0,0,0,7,0,0,0,6,0,0,0,16,0,0,0,0,0,0,0,0,0,0,0,0,0,0,0,0,0,0,0,0,0,0,3,0,2,1,10/08/2017,Yes,1,0,0
726,No,Donegal,Manorcunningham,Drein,Manorcunningham,06/40151,20/06/2006,19/06/2011,6,12,0,0,0,18,4,1,0,2,0,0,0,0,0,0,0,11,0,0,0,0,0,0,0,0,0,0,0,0,0,7,0,7,0,0,7,7,7,7,2,1,0,1,08/08/2017,No,,0,0
728,No,Donegal,Monreagh,Monreagh,Burnfoot,06/71281,16/10/2006,12/05/2010,13,38,0,0,0,51,3,4,0,5,0,0,0,0,0,4,0,35,0,0,0,0,0,0,0,0,0,0,0,0,8,0,0,8,0,8,0,0,0,0,1,1,0,0,08/08/2017,No,,3,0
732,No,Donegal,New Park Gardens,Ballynally,Moville,Mar-49,08/12/2003,14/01/2014,9,16,0,0,0,25,16,1,0,8,0,0,0,0,0,0,0,0,0,0,0,0,0,0,0,0,0,0,0,0,0,25,0,25,0,25,0,25,25,25,2,1,0,1,08/08/2017,No,,0,0
740,No,Donegal,Radharc an Chuain,Ballyboe,Ramelton,Mar-62,21/05/2007,07/11/2016,22,38,0,0,0,60,12,3,0,17,0,0,0,0,0,0,0,28,0,0,0,0,0,0,0,0,0,0,0,0,32,0,0,32,0,0,20,28,28,28,2,2,0,0,09/08/2017,No,,3,0
744,No,Donegal,"Development under PP ref. 00/2713
",Radharc na Tra,Falcarragh,00/2713,10/11/2003,09/11/2016,26,20,0,0,0,46,9,1,0,0,0,0,0,0,0,8,0,28,0,0,0,0,0,0,0,0,0,0,0,0,0,8,0,8,0,0,8,8,8,8,4,0,0,4,09/08/2017,No,,9,0
756,No,Donegal,Foyle View,Carrigans,Donegal,05/70889,23/03/2006,22/03/2016,29,18,0,0,0,47,31,4,0,5,0,0,0,2,0,0,0,5,0,0,0,0,0,0,0,0,0,0,0,0,35,0,0,35,0,35,0,35,35,35,1,1,0,0,10/08/2017,No,,1,0
1652,No,Donegal,Amalfi Court,Lisnenan,Letterkenny,Mar-61,22/06/2004,21/06/2009,1,38,12,0,0,51,22,0,0,0,0,0,0,0,0,18,0,11,0,0,0,0,0,0,0,0,0,0,0,0,22,0,0,22,0,22,0,22,22,22,13,3,0,10,09/08/2017,No,,6,0
1654,No,Donegal,An Gleann Rua,Killylastin,Letterkenny,06/50142,30/10/2006,29/10/2011,6,74,16,0,0,96,65,7,0,5,0,2,0,0,0,0,0,17,0,0,0,0,0,0,0,0,0,0,0,0,0,69,8,69,8,69,8,77,77,77,8,2,0,6,09/08/2017,No,,1,0
1660,No,Donegal,Cruach Na Cille,Ballyraine,Letterkenny,"04/180, 08/80035",10/05/2005,09/01/2011,0,12,25,0,0,37,23,0,0,0,0,0,0,2,0,10,0,2,0,0,0,0,0,0,0,0,0,0,0,0,21,0,0,25,0,25,0,25,25,25,1,1,0,0,09/08/2017,No,,8,0
1662,No,Donegal,Gort na Greine,Carnamogagh Upper,Letterkenny,05/40222,20/06/2006,19/06/2016,1,60,0,36,0,97,36,3,0,0,0,8,0,0,0,0,0,14,0,0,0,0,0,0,0,0,0,0,0,36,0,39,0,39,0,39,0,39,39,39,5,2,0,3,09/08/2017,No,,8,0
1667,No,Donegal,Urlann Glas,Lisnennan,Letterkenny,05/40065,01/04/2006,03/01/2016,45,70,0,0,0,115,0,2,0,8,0,0,0,0,0,0,0,105,0,0,0,0,0,0,0,0,0,0,0,0,0,8,0,8,0,8,0,8,8,8,4,0,0,4,09/08/2017,Yes,1,0,0
3067,No,Donegal,St. Johnston,Altaskin,St. Johnston,Mar-38,19/11/2003,18/11/2010,2,56,0,0,0,58,0,0,0,0,0,4,0,2,0,0,0,52,0,0,0,0,0,0,0,0,0,0,0,0,0,0,0,0,0,0,0,0,0,0,0,0,0,0,08/08/2017,Yes,1,0,0
825,No,Dublin City,Site at and to the rear of 21 and 29 Richmond Avenue and site to side of 31 Richmond Avenue,21& 29 Richmond Rd,"Fairview, D3",2575/03/X1,12/11/2003,11/11/2011,0,0,0,48,0,48,0,0,0,0,0,0,0,0,0,0,0,0,0,0,0,0,0,0,0,48,0,0,0,0,0,0,0,0,0,0,0,0,0,0,0,0,0,0,28/08/2017,Yes,1,0,0
831,No,Dublin City,Meg Dillon House,North Circular Road,Dublin,3633/06,18/09/2006,17/09/2011,0,0,0,28,0,28,0,0,0,0,0,0,0,0,0,0,0,0,0,0,0,0,0,0,0,0,0,28,0,0,0,0,0,0,0,0,0,0,0,0,0,0,0,0,28/08/2017,Yes,1,0,0
833,No,Dublin City,Milners Square,Shanowen Road,Santry,605804,19/09/2005,18/09/2013,0,0,0,232,32,264,0,0,0,0,0,0,0,0,0,0,0,0,129,0,0,0,0,22,0,0,0,0,0,113,129,0,0,129,0,129,0,129,129,129,4,2,0,2,29/08/2017,Yes,1,0,0
1030,No,Fingal,Hayestown Close,Old Hayestown,Rush,F06A/1733,18/07/2007,,5,0,0,0,0,5,1,0,0,0,0,0,0,0,0,4,0,0,0,0,0,0,0,0,0,0,0,0,0,0,0,3,0,3,0,3,0,3,3,3,0,0,0,0,25/08/2017,Yes,1,1,0
1043,No,Fingal,Mayeston Hall,St Margarets,"Finglas, D11",F04A/1127,03/03/2005,,0,0,119,349,0,468,90,1,0,0,0,0,0,0,0,28,0,0,349,0,0,0,0,0,0,0,0,0,0,0,440,0,0,440,0,440,0,440,440,440,5,5,0,0,25/08/2017,No,,0,0
1057,No,Fingal,Oldtown Avenue,Fieldstown road,Oldtown,F06A/0748,31/10/2006,,15,0,0,0,0,15,4,0,0,1,0,0,0,0,0,7,0,3,0,0,0,0,0,0,0,0,0,0,0,0,0,10,0,5,0,5,0,5,5,5,0,0,0,0,25/08/2017,No,,4,0
1058,no,Fingal,Palmer Avenue- Phase 1,Palmer Road,Rush,F06A/0775/E1,26/10/2006,25/10/2013,4,16,11,27,0,58,25,0,0,3,0,0,0,0,0,3,0,0,12,0,0,0,0,0,0,0,0,0,0,15,0,40,0,40,0,40,0,40,40,40,1,0,0,1,25/08/2017,No,,2,0
1086,Yes,Fingal,The Gallery Phase 2,Turvey Walk,Donabate,F04A/1163/EI,31/03/2010,17/04/2016,0,0,0,37,0,37,0,0,0,0,0,0,0,0,0,0,0,0,0,0,0,0,0,21,0,0,0,16,0,0,0,0,0,0,0,0,0,0,0,0,1,0,0,1,25/08/2017,Yes,1,0,0
1090,yes,Fingal,The Orchard,Chapel Lane,Garristown,F04A/1570,21/06/2005,,12,8,3,0,0,23,5,2,2,4,0,0,0,0,0,0,0,10,0,0,0,0,0,0,0,0,0,0,0,0,0,13,0,13,0,13,0,13,13,13,1,1,0,0,25/08/2017,No,,3,0
1104,No,Fingal,Weston Park,Fieldstown road,Oldtown,F05A//E1,18/11/2005,01/09/2012,0,4,26,0,0,30,20,0,0,0,0,2,0,0,0,8,0,0,0,0,0,0,0,0,0,0,0,0,0,0,0,20,0,20,0,20,0,20,20,20,2,1,0,1,25/08/2017,No,,4,0
1119,Yes,Galway City,"Foinn Uisce, Phase 2",Doughiska Road,Galway  City,05/508,22/03/2006,21/03/2011,0,0,0,48,0,48,0,0,0,0,0,0,0,0,0,0,0,0,28,0,0,0,0,14,0,0,0,6,0,0,0,48,0,48,0,48,0,32,32,32,0,0,0,0,18/09/2017,No,,0,28
1127,No,Galway City,Sraith Fhada,DOUGHISKA,Merlin Park,04/865,15/07/2005,14/07/2010,0,0,0,126,8,134,0,0,0,0,0,0,0,0,0,0,0,0,43,25,0,0,0,0,0,0,0,18,0,48,0,18,0,18,0,18,0,18,18,18,3,2,1,0,18/09/2017,No,,0,4
2864,No,Galway City,Bothair Stiofan,Rahoon,Galway,"05/753, 06/485",,12/10/2011,8,0,0,0,0,8,2,0,0,2,0,0,0,0,0,0,0,4,0,0,0,0,0,0,0,0,0,0,0,0,4,0,0,4,0,0,0,4,4,4,0,0,0,0,18/09/2017,No,,2,0
48,Yes,Galway Co.,Lios Garbh,,Ballinasloe,05/065,25/01/2006,24/01/2011,5,20,11,0,0,36,32,0,0,0,0,4,0,0,0,0,0,0,0,0,0,0,0,0,0,0,0,0,0,0,30,0,0,30,0,30,0,30,30,30,2,2,0,0,18/09/2017,No,,2,0
1137,No,Galway Co.,Ard Na Speire,Moycullen Road,An Spideal,Apr-17,22/11/2004,21/11/2009,1,20,0,0,0,21,0,0,0,7,0,0,0,2,0,0,0,12,0,0,0,0,0,0,0,0,0,0,0,0,0,0,2,2,0,0,2,0,0,0,1,0,0,1,19/09/2017,Yes,1,0,0
1145,No,Galway Co.,Bun Na Coille,Mountain Road,Moycullen,Jun-13,25/10/2012,24/10/2017,4,72,13,0,0,89,11,1,0,3,0,0,0,0,0,0,0,74,0,0,0,0,0,0,0,0,0,0,0,0,16,0,0,16,0,16,0,16,16,16,4,2,0,2,19/09/2017,No,,5,0
1151,Yes,Galway Co.,Carrigweir,Weir Road,Tuam,Apr-12,01/08/2005,20/10/2007,25,82,7,24,0,138,60,13,10,0,0,0,18,0,0,0,0,13,13,11,0,0,0,0,0,0,0,0,0,0,26,46,3,75,0,75,0,75,75,75,4,2,1,1,18/09/2017,No,,0,0
1164,No,Galway Co.,Corr An Tochair,Dunmore Road,Williamstown,24716,03/08/2007,09/11/2008,22,4,0,0,0,26,3,0,0,4,0,0,0,0,0,0,0,19,0,0,0,0,0,0,0,0,0,0,0,0,0,3,0,3,0,0,0,3,3,3,3,1,0,2,18/09/2017,No,,0,0
1165,Yes,Galway Co.,Cottage Hill ,Athenry Rd,Loughrea,May-16,11/09/2006,10/09/2011,2,32,12,0,0,46,13,11,10,0,4,0,0,0,0,0,0,8,0,0,0,0,0,0,0,0,0,0,0,0,46,0,0,46,0,0,0,0,0,0,3,0,3,0,19/09/2017,Yes,1,0,0
1171,No,Galway Co.,Cuirt na hAbhann,Oranmore Road,Claregalway,"04/5247, 10/1414",23/11/2010,22/11/2015,0,36,15,0,0,51,17,14,0,0,0,20,0,0,0,0,0,0,0,0,0,0,0,0,0,0,0,0,0,0,36,0,0,36,0,36,0,36,36,36,3,0,0,3,19/09/2017,No,,2,0
1172,No,Galway Co.,Cul Na Coirre,CHURCH ROAD,Headford,"06/5012, 12/1135",02/11/2012,01/11/2017,2,24,35,10,0,71,1,5,0,1,0,5,0,0,0,0,0,49,0,0,0,0,0,0,0,0,0,0,0,10,0,6,0,6,0,6,0,6,6,6,5,2,0,3,18/09/2017,No,,1,0
1179,Yes,Galway Co.,Garrai An Droichid,Killora,Craughwell,Jul-22,02/10/2012,01/10/2017,3,28,0,0,0,31,4,0,4,0,4,0,0,0,0,1,0,18,0,0,0,0,0,0,0,0,0,0,0,0,4,0,0,4,0,4,0,4,4,4,3,0,0,3,19/09/2017,No,,0,0
1191,No,Galway Co.,Lough Eala ,St Brigids Rd.,Portumna,Jan-85,07/06/2002,06/06/2007,32,16,8,0,0,56,0,0,0,0,0,3,0,0,0,0,0,53,0,0,0,0,0,0,0,0,0,0,0,0,0,0,0,0,0,0,0,0,0,0,4,0,0,4,01/08/2017,Yes,1,0,0
1195,yes,Galway Co.,Bothar na Sleibhe,Loughwell,Moycullen,71155,16/08/2012,15/08/2017,3,4,0,0,0,7,1,1,0,2,0,2,0,0,0,0,0,1,0,0,0,0,0,0,0,0,0,0,0,0,2,0,0,2,0,0,2,2,2,2,1,0,0,1,19/09/2017,No,,0,0
1201,Yes,Galway Co.,Pairc Na Ri,Park Rd Ballydavid South,Athenry,Jun-84,25/04/2012,24/04/2017,7,40,17,0,6,70,35,2,0,0,4,0,0,0,0,0,0,23,0,0,0,0,0,0,0,0,0,0,0,6,26,0,0,26,0,26,0,26,26,26,4,3,0,1,19/09/2017,No,,0,0
1207,No,Galway Co.,The Fairways/An Mhinleog,Tuam Road,Dunmore,"06/440, 09/52",20/04/2009,19/04/2014,7,8,0,0,0,15,0,0,0,5,0,0,0,2,0,3,0,5,0,0,0,0,0,0,0,0,0,0,0,0,0,5,0,5,0,5,0,5,5,5,3,2,0,1,18/09/2017,Yes,1,0,0
1210,Yes,Galway Co.,Tir an Choir,Vicars Choral,Tuam,Apr-61,23/05/2005,22/05/2010,12,58,62,16,8,156,23,2,0,23,0,0,0,2,0,0,0,82,18,0,0,6,0,0,0,0,0,0,0,0,65,9,0,65,0,24,0,24,24,24,8,2,0,6,18/09/2017,No,,4,0
3123,No,Galway Co.,Ard na Gaoithe,Mount Pleasant,Loughrea,Jul-75,05/11/2007,04/11/2012,6,0,0,0,0,6,3,0,0,3,0,0,0,0,0,0,0,0,0,0,0,0,0,0,0,0,0,0,0,0,0,0,6,0,6,0,6,3,3,3,,0,0,,19/09/2017,No,,3,0
1225,No,Kerry,An Tobar,Duagh,Duagh,Jun-23,01/12/2006,30/11/2011,0,14,0,0,0,14,8,0,0,0,0,0,0,0,0,0,0,6,0,0,0,0,0,0,0,0,0,0,0,0,2,6,0,8,0,2,6,8,8,8,2,0,0,2,04/09/2017,No,,6,0
1227,No,Kerry,The Rectory,Annagh,Castlemaine,00/2561,17/05/2002,16/05/2007,46,0,0,0,0,46,0,0,0,0,0,26,0,14,0,0,0,6,0,0,0,0,0,0,0,0,0,0,0,0,0,0,0,0,0,0,0,0,0,0,2,0,0,2,04/09/2017,Yes,1,0,0
1229,No,Kerry,Annagh Banks,Annagh,Castlemaine,Mar-57,27/01/2004,26/01/2009,0,0,14,9,0,23,0,0,0,14,0,0,0,0,0,0,0,0,0,0,0,0,0,0,0,0,0,0,0,9,0,0,0,0,0,0,0,0,0,0,0,0,0,0,04/09/2017,Yes,1,0,0
1231,No,Kerry,Ard An Oir,Kenmare Rd,Sneem,06/422,28/03/2008,27/03/2013,1,16,25,0,0,42,0,3,0,33,0,0,0,6,0,0,0,0,0,0,0,0,0,0,0,0,0,0,0,0,0,3,0,3,0,3,0,0,0,0,0,0,0,0,04/09/2017,Yes,1,0,0
1241,No,Kerry,Ballyconnell Heights,Ballyconnell,Kilflynn,00/2483,27/10/2000,26/10/2005,0,26,0,0,0,26,19,1,0,0,0,0,0,0,0,0,0,6,0,0,0,0,0,0,0,0,0,0,0,0,0,12,8,20,0,20,0,20,20,20,1,1,0,0,04/09/2017,No,,0,0
1246,No,Kerry,Forge Lane,Barraduff,Barraduff,Jun-52,20/06/2007,19/06/2012,9,170,0,50,0,229,17,0,0,0,0,0,0,0,0,0,0,162,0,0,0,0,0,0,0,0,0,0,0,50,0,17,0,17,0,17,0,17,17,17,1,0,1,0,04/09/2017,No,,11,0
1251,No,Kerry,Carraig Dun,Ballymacprior,Killorglin,Jun-92,23/03/2007,22/03/2012,7,0,0,0,0,7,1,2,0,0,0,0,0,0,0,3,0,1,0,0,0,0,0,0,0,0,0,0,0,0,0,3,0,3,0,0,3,3,3,3,3,2,0,1,04/09/2017,No,,1,0
1256,No,Kerry,Clonough ,Bawnluskaha,Castleisland,03/1950 & 06/92734,01/11/2006,21/10/2011,43,76,14,0,0,133,64,0,1,0,0,0,0,8,0,4,0,56,0,0,0,0,0,0,0,0,0,0,0,0,64,0,0,64,0,64,0,64,64,64,5,3,0,2,04/09/2017,No,,0,0
1278,No,Kerry,Hazelbrook,Doonard Lower,Tarbert,05/1536,10/11/2005,09/11/2010,1,20,0,0,0,21,7,1,0,0,0,0,0,4,0,0,0,9,0,0,0,0,0,0,0,0,0,0,0,0,7,0,0,7,0,0,7,7,7,7,1,1,0,0,04/09/2017,No,,3,0
1280,No,Kerry,Inch  ,Ardroe,Inch,02/696 & 07/4694,02/06/2004,27/03/2013,6,0,0,0,0,6,0,0,0,6,0,0,0,0,0,0,0,0,0,0,0,0,0,0,0,0,0,0,0,0,0,0,0,0,0,0,0,0,0,0,1,0,0,1,04/09/2017,Yes,1,0,0
1297,No,Kerry,Bruach Na h-Abhainn,Montanagay,Abbeydorney,07/991405,15/01/2013,15/01/2015,1,2,3,0,0,6,3,0,3,0,0,0,0,0,0,0,0,0,0,0,0,0,0,0,0,0,0,0,0,0,0,3,0,3,0,3,0,3,3,3,1,1,0,0,04/09/2017,No,,2,0
1302,No,Kerry,Parc Darach,Barraduff,Barraduff,May-62,28/02/2006,21/12/2011,3,64,59,17,0,143,11,0,0,2,0,0,0,0,0,0,0,113,8,2,0,7,0,0,0,0,0,0,0,0,21,0,0,21,0,21,0,21,21,21,6,2,0,4,04/09/2017,No,,0,0
1309,No,Kerry,St. Michaels Green,Ballinageragh,Lixnaw,Apr-37,03/09/2004,02/09/2009,12,28,28,1,0,69,0,8,0,1,0,2,0,21,0,0,0,36,0,0,0,0,0,0,0,0,0,0,0,1,3,0,5,8,1,0,8,8,8,8,2,0,0,2,04/09/2017,Yes,1,0,0
1311,Yes,Kerry,Suiomh Alainn,Kilgarvan,Kenmare,Jun-24,12/02/2007,11/02/2012,22,8,0,0,0,30,1,12,0,9,0,0,0,0,0,3,0,5,0,0,0,0,0,0,0,0,0,0,0,0,1,10,5,13,0,13,0,13,13,13,3,,1,2,04/09/2017,No,,0,0
1314,No,Kerry,The Grove,Grove,Dingle,06/559,21/08/2006,20/08/2011,26,20,22,4,2,74,24,0,0,1,0,0,0,0,0,3,0,40,0,0,0,0,0,0,0,0,0,0,0,6,23,1,0,24,0,24,0,24,24,24,5,3,0,2,04/09/2017,No,,1,0
1320,No,Kerry,Lighthouse View,Garranearragh,Caherciveen,May-32,22/11/2005,21/11/2010,33,0,0,0,0,33,2,16,0,7,0,3,0,0,0,0,0,5,0,0,0,0,0,0,0,0,0,0,0,0,18,,0,18,0,18,0,18,18,18,1,1,0,0,04/09/2017,No,,0,0
1473,No,Kerry,Parc Cummin,Killcummin,Killarney,04/1528,23/03/2005,22/03/2010,5,74,11,0,0,90,81,2,0,0,0,0,0,0,0,4,0,3,0,0,0,0,0,0,0,0,0,0,0,0,83,0,0,83,0,83,0,83,83,83,3,3,0,0,04/09/2017,No,,0,0
1750,No,Kerry,Dun Alainn,Clievragh,Listowel,Jun-32,27/09/2006,27/09/2011,47,140,15,6,6,214,12,0,0,0,0,3,0,3,0,0,0,184,0,0,0,0,0,0,0,0,0,0,0,12,12,0,0,12,0,12,0,12,12,12,4,1,0,3,04/09/2017,"No
",,0,0
1751,No,Kerry,Golf View,Ballygillogue,Listowel,Jul-73,20/02/2008,19/02/2013,6,0,0,0,0,6,5,0,0,0,0,1,0,0,0,0,0,0,0,0,0,0,0,0,0,0,0,0,0,0,6,0,0,6,0,6,0,6,6,6,2,1,1,0,04/09/2017,"No
",,0,0
2550,Yes,Kerry,Deerpark Avenue,Manor,Tralee,PDA 077584,31/03/2008,30/03/2018,0,20,0,0,0,20,4,0,4,0,0,0,2,0,0,0,10,0,0,0,0,0,0,0,0,0,0,0,0,0,4,0,0,4,0,4,0,4,4,4,1,0,0,1,04/09/2017,No,,0,0
2555,No,Kerry,Lios Ard,Lisloose,Tralee,04/93070,18/07/2005,17/07/2013,6,30,14,0,0,50,28,0,0,16,0,0,0,0,0,0,0,6,0,0,0,0,0,0,0,0,0,0,0,0,28,0,0,28,0,28,0,28,28,28,4,2,0,2,04/09/2017,No,,0,0
2557,No,Kerry,Park Lane Apartments,Park Lane,Tralee,PDA 067282,19/06/2007,18/06/2012,0,0,0,6,0,6,0,0,0,0,0,0,0,0,0,0,0,0,0,0,0,6,0,0,0,0,0,0,0,0,0,0,0,0,0,0,0,0,0,0,0,0,0,0,04/09/2017,Yes,1,0,0
3013,No,Kerry,N/A,Dingle,Kerry,Apr-42,15/10/2004,18/05/2008,3,0,0,0,0,3,0,0,0,2,0,0,0,0,0,0,0,1,0,0,0,0,0,0,0,0,0,0,0,0,0,0,0,0,0,0,0,0,0,0,2,0,0,2,04/09/2017,Yes,1,0,0
3014,No,Kerry,"Development under PP ref. 04/1490
",Ballyluskey,Ballydavid,05/351,11/02/2005,10/05/2010,3,0,0,0,0,3,3,0,0,0,0,0,0,0,0,0,0,0,0,0,0,0,0,0,0,0,0,0,0,0,0,3,0,0,3,0,0,0,3,0,1,0,0,1,04/09/2017,No,,0,0
3017,No,Kerry,N/A,Derrymore East,Tralee,04/299,30/01/2004,28/06/2009,3,0,0,0,0,3,3,0,0,0,0,0,0,0,0,0,0,0,0,0,0,0,0,0,0,0,0,0,0,0,0,3,0,0,0,0,0,3,3,0,1,0,1,0,04/09/2017,No,,0,0
3019,No,Kerry,Fair Amach ar,Ballinskelligs,Waterville,00/1310 & 06/2144,24/02/2003,23/02/2008,5,0,0,0,0,5,0,2,0,2,0,1,0,0,0,0,0,0,0,0,0,0,0,0,0,0,0,0,0,0,0,2,0,2,0,0,2,2,2,2,1,0,1,0,04/09/2017,Yes,1,0,0
3020,No,Kerry,Barr na Sraide,Top Street,Caherciveen,12/261,24/01/2013,23/01/2018,0,2,0,0,0,2,0,0,0,0,0,2,0,0,0,0,0,0,0,0,0,0,0,0,0,0,0,0,0,0,0,0,0,0,0,0,0,0,0,0,,,,,04/09/2017,Yes,1,0,0
3023,No,Kerry,Kilahan,Kilahan,Abbeydorney,Apr-34,05/11/2004,04/11/2009,5,0,0,0,0,5,0,0,0,0,0,5,0,0,0,0,0,0,0,0,0,0,0,0,0,0,0,0,0,0,0,0,0,0,0,0,0,0,0,0,1,0,0,1,04/09/2017,Yes,1,0,0
3024,No,Kerry,"Development under PP ref 04/2194
",Ballyeagh,Ballybunion,Apr-94,11/10/2004,10/10/2009,6,0,0,0,0,6,1,0,0,0,0,0,0,0,0,0,0,5,0,0,0,0,0,0,0,0,0,0,0,0,0,1,0,1,0,0,1,1,1,1,1,0,0,1,04/09/2017,No,,1,0
3033,No,Kerry,Knocklyne Close,Knocklyne,Killorglin,May-23,09/03/2011,10/01/2014,9,0,0,0,0,9,4,0,0,0,0,0,0,0,0,0,0,5,0,0,0,0,0,0,0,0,0,0,0,0,4,0,0,4,0,4,0,4,4,4,1,1,0,0,04/09/2017,No,,0,0
3031,No,Kerry ,Firies Hall,Firies,Killarney,06/2693 & 09/387,09/03/2009,11/06/2014,0,0,0,10,0,10,0,0,0,0,0,0,0,0,0,0,0,0,0,0,0,0,0,10,0,0,0,0,0,0,0,0,0,0,0,0,0,0,0,0,0,0,0,0,04/09/2017,Yes,1,0,0
26,No,Kildare,Shanrath Road,Castledermot Road,Athy,4300004,26/01/2005,14/04/2010,21,40,22,0,0,83,20,0,0,0,0,0,6,0,0,0,0,57,0,0,0,0,0,0,0,0,0,0,0,0,24,0,0,20,0,20,0,19,19,19,0,0,0,0,11/08/2017,No,,0,0
1325,No,Kildare,Allen Court,Pluckerstown,Kilmeague,04/1154,20/04/2005,19/04/2010,8,0,0,0,0,8,5,0,0,0,0,0,0,3,0,0,0,0,0,0,0,0,0,0,0,0,0,0,0,0,0,8,0,4,4,4,4,4,4,4,2,2,0,0,19/07/2017,No,,4,0
1328,No,Kildare,Ballintine Park,Allen,Kilmeague,Mar-96,24/06/2004,23/06/2009,14,12,0,10,0,36,12,2,0,0,0,0,0,0,0,1,0,11,0,0,0,0,0,0,0,0,0,0,0,10,0,10,26,14,22,14,12,14,14,14,3,2,0,1,19/07/2017,No,,0,0
1339,No,Kildare,Brook Mill,Curryhills,Prosperous,01/1326,26/12/2003,25/12/2008,4,0,31,0,0,35,21,5,0,6,0,0,0,0,0,0,0,3,0,0,0,0,0,0,0,0,0,0,0,0,0,35,0,32,3,32,3,19,19,19,0,0,0,0,19/07/2017,No,,21,0
1347,No,Kildare,Cluain Dara,,Derrinturn,01/304,n/a,,29,40,8,0,0,77,13,0,0,2,0,0,0,0,0,0,0,62,0,0,0,0,0,0,0,0,0,0,0,0,0,77,0,13,64,13,64,13,13,13,4,1,0,3,03/08/2017,No,,2,0
1354,No,Kildare,Grove Lane,Grove Lane,Robertstown,Apr-52,21/12/2005,20/12/2010,0,0,7,0,0,7,0,2,0,2,0,0,0,0,0,0,0,3,0,0,0,0,0,0,0,0,0,0,0,0,0,7,0,0,7,0,7,2,2,2,2,0,0,2,19/07/2017,Yes,1,0,0
1356,No,Kildare,Hemingway Park,Moat Commons,Clane,Apr-99,21/12/2005,20/12/2012,1,0,32,6,4,43,10,2,0,2,0,0,0,12,0,0,0,7,3,1,0,0,0,0,0,0,0,0,0,6,0,37,6,16,27,11,32,16,16,16,2,0,0,2,19/07/2017,No,,10,3
1364,No,Kildare,Moore Abbey Court,Gorteenoona,Monasterevin,05/1756,n/a,27/07/2011,5,24,0,0,0,29,10,0,0,1,0,0,0,7,0,0,0,11,0,0,0,0,0,0,0,0,0,0,0,0,0,11,0,11,0,0,11,10,10,10,1,0,0,1,19/07/2017,No,,0,0
1365,No,Kildare,Moore?s Wood,Mountrice,Monasterevin,05/228,14/12/2005,13/12/2010,6,0,0,0,0,6,3,0,0,0,0,1,0,0,0,0,0,2,0,0,0,0,0,0,0,0,0,0,0,0,0,6,0,3,0,3,0,3,3,3,1,1,0,0,19/07/2017,No,,2,0
1385,No,Kildare, The Friary,Skenagun / Garterfarm,Castledermot,"99/98, 01/1876",10/09/1999,09/11/2004,0,26,17,7,7,57,42,1,0,0,0,0,0,0,0,0,0,0,4,1,0,9,0,0,0,0,0,0,0,0,0,57,0,57,0,57,0,48,48,48,1,1,0,0,11/08/2017,No,,0,4
1337,yes,Kilkenny,Callan Manor,Lower Green Lane,Callan,051050 - 1249,03/01/2006,23/03/2011,0,0,15,0,0,15,0,15,0,0,0,0,0,0,0,0,0,0,0,0,0,0,0,0,0,0,0,0,0,0,15,0,0,15,0,15,0,15,15,15,1,0,0,1,31/08/2017,Yes,1,0,0
1341,No,Kilkenny,Brookfield,Main Street,Ballyhale,06696 - 11476,25/09/2006,23/09/2016,15,30,21,0,0,66,26,0,0,2,0,0,0,5,0,0,0,33,0,0,0,0,0,0,0,0,0,0,0,0,9,17,0,26,0,26,0,26,26,26,5,2,0,3,31/08/2017,No,,0,0
1361,No,Kilkenny,Kingscourt,Bolton,Callan,051853 - 11/354,31/08/2006,29/09/2016,10,48,4,12,12,86,32,0,0,0,0,0,0,1,0,0,0,29,0,0,0,0,0,0,0,0,0,0,0,24,4,28,0,28,0,28,0,31,31,31,5,2,0,3,31/08/2017,No,,2,0
1401,Yes,Kilkenny,Abbey Gate,Rathculliheen,Ferrybank,61068,20/02/2007,27/09/2015,10,60,33,0,0,103,19,2,0,8,0,0,0,20,0,0,0,54,0,0,0,0,0,0,0,0,0,0,0,0,21,0,0,21,0,21,0,21,21,21,5,0,0,5,31/08/2017,No,,0,0
1402,No,Kilkenny,Abhainn Ri,Kilmanagh,Kilmanagh,5418,31/03/2006,31/03/2011,5,10,0,0,0,15,11,2,0,0,0,0,0,0,0,0,0,2,0,0,0,0,0,0,0,0,0,0,0,0,10,3,0,13,0,13,0,13,0,13,2,2,0,0,31/08/2017,No,,1,0
1410,No,Kilkenny,Barrow Meadows,Barrowmount,Goresbridge,660,27/02/2007,19/02/2017,9,12,6,0,0,27,2,0,0,0,0,0,0,0,0,0,0,25,0,0,0,0,0,0,0,0,0,0,0,0,0,0,2,2,0,0,2,2,2,2,3,0,0,3,31/08/2017,No,,2,0
1412,No,Kilkenny,Bolton Wood,Bolton,Callan,6405,03/01/2006,12/01/2016,10,100,27,0,0,137,78,4,0,0,0,2,0,33,0,0,0,20,0,0,0,0,0,0,0,0,0,0,0,0,82,0,0,82,0,82,0,82,82,82,7,3,0,4,31/08/2017,No,,0,0
1415,No,Kilkenny,Bridge Street,Lower Bridge Street,Callan,2840,15/08/2002,08/01/2008,0,0,4,3,0,7,0,0,0,0,0,4,0,0,0,0,0,0,0,0,0,0,0,0,0,0,0,0,0,3,0,0,0,0,0,0,0,0,0,0,0,0,0,0,31/08/2017,Yes,1,0,0
1418,No,Kilkenny,Castlehyde Park,Rosbercon,New Ross,04.2073 & 06.146,04/09/2006,24/11/2015,0,126,0,0,0,126,23,3,0,2,0,4,0,0,0,0,0,94,0,0,0,0,0,0,0,0,0,0,0,0,28,0,0,28,0,28,0,26,26,26,5,1,0,4,31/08/2017,No,,12,0
1429,No,Kilkenny,Dunan,Cloghabrody,Thomastown,3491,06/04/2004,03/04/2013,28,90,33,0,0,151,60,3,0,8,0,0,0,0,0,2,0,78,0,0,0,0,0,0,0,0,0,0,0,0,0,63,0,63,0,63,0,63,63,63,3,3,0,0,31/08/2017,No,,16,0
1433,Yes,Kilkenny,Fr. Hayden Road,Fr. Hayden Road,Kilkenny,"9774, 0528",16/12/1997,21/06/2006,4,0,0,0,0,4,0,0,0,1,1,0,0,0,0,0,0,2,0,0,0,0,0,0,0,0,0,0,0,0,0,0,0,0,0,0,0,0,0,0,2,0,0,2,31/08/2017,Yes,1,0,0
1448,No,Kilkenny,Oak Ridge,Belmont,Ferrybank,4860,22/02/2005,22/02/2015,50,100,55,0,50,255,31,0,0,4,0,0,0,0,0,3,0,167,0,0,0,0,0,0,0,0,0,0,0,50,31,0,0,31,0,31,0,27,27,27,6,1,0,5,31/08/2017,No,,4,0
1461,No,Kilkenny,The Paddocks,Kilkenny Road,Gowran,31524,01/03/2004,10/08/2011,28,0,0,0,0,28,24,0,0,2,0,2,0,0,0,0,0,0,0,0,0,0,0,0,0,0,0,0,0,0,12,12,0,24,0,24,0,24,24,24,2,2,0,0,31/08/2017,No,,4,0
1464,yes,Kilkenny,Togher Way,Togher Road,Urlingford,1587,28/03/2002,18/03/2007,2,12,44,0,0,58,11,16,0,6,0,19,0,0,0,6,0,0,0,0,0,0,0,0,0,0,0,0,0,0,11,16,0,27,0,0,27,27,27,27,5,2,0,3,31/08/2017,No,,0,0
3126,No,Kilkenny,Walkin Street,Walkin Street,Kilkenny,05.108 & 06.102,08/05/2006,07/05/2015,0,0,5,34,0,39,0,0,0,0,0,0,0,5,0,0,0,0,0,0,0,0,0,0,0,34,0,0,0,0,0,0,0,0,0,0,0,0,0,0,0,0,0,0,31/08/2017,Yes,1,0,0
1498,No,Laois,"Development under PP ref. 05/1577, 
Bracklone Street","Cooltederry, Railway Road",Portarlington,05/1577,18/01/2007,17/01/2012,0,0,0,2,0,2,0,0,0,0,0,0,0,0,0,0,0,0,0,0,0,0,0,2,0,0,0,0,0,0,0,0,0,0,0,0,0,0,0,0,0,0,0,0,03/08/2017,Yes,1,0,0
1506,No,Laois,Corrig Glen,"Cooltederry, Railway Road",Portarlington,"99/241, 01/453, 02/1218, 05/233, 06/425, 07/611, 07612, 09782, 10/200",06/09/1999,09/03/2016,5,0,9,18,60,92,0,0,0,0,0,0,0,0,0,0,0,14,25,35,0,0,0,0,0,18,0,0,0,0,60,0,0,60,0,60,0,60,60,60,4,0,3,1,03/08/2017,No,,0,0
1511,No,Laois,Deanswood,Rathdowney Road,Borris in Ossory,"00/215, 04/973",18/04/2001,05/06/2010,8,0,12,24,0,44,0,0,0,12,0,0,0,2,0,0,0,6,0,0,0,12,0,0,0,0,0,0,0,12,0,0,0,0,0,0,0,0,0,0,3,0,0,3,11/08/2017,Yes,1,0,0
1520,No,Laois,Johnstown Glebe,Borris in Ossory,Rathdowney,03/685,17/09/2004,16/09/2009,3,6,0,0,0,9,0,0,0,0,0,1,0,2,0,0,0,6,0,0,0,0,0,0,0,0,0,0,0,0,0,0,0,0,0,0,0,0,0,0,3,0,0,3,11/08/2017,Yes,1,0,0
1522,No,Laois,Killacourt Woods,Killacourt,Portarlington,"00/994, 09/524",19/08/2004,18/08/2014,21,112,40,54,0,227,131,0,0,0,0,0,0,0,0,42,0,0,2,16,0,18,0,0,0,0,0,18,0,0,149,0,0,149,0,149,0,149,149,149,6,4,0,2,03/08/2017,No,,14,2
1524,No,Laois,Landsdowne,Commons or Derrymore Close,Portarlington,03/1665,26/05/2004,11/01/2012,54,192,0,6,0,252,115,2,0,0,0,0,0,0,0,0,0,129,6,0,0,0,0,0,0,0,0,0,0,0,104,19,0,123,0,123,0,123,123,123,9,5,0,4,03/08/2017,No,,0,0
1528,No,Laois,Maryborough Village,Mountrath Road,Portlaoise,"03/1241, 07/580",21/07/2005,20/07/2013,66,224,142,0,0,432,163,65,0,0,0,0,0,39,0,0,0,165,0,0,0,0,0,0,0,0,0,0,0,0,218,7,3,225,3,228,0,228,228,228,8,4,0,4,11/08/2017,No,,8,0
1545,Yes,Laois,Summerhill/Aghnaharna ,Summerhill,Portlaoise,"97/146, 98/1149, 99/1404, 05/1597",22/09/1997,01/03/2011,120,246,30,14,14,424,101,13,11,0,8,0,2,0,0,12,0,249,0,0,0,0,0,0,28,0,0,0,0,0,83,25,0,108,0,108,0,108,108,108,4,0,0,4,11/08/2017,No,,2,0
1550,No,Laois,The Orchard,Ballylinan,Ballylinan,05/1516 & 07/695,22/05/2006,20/11/2012,4,0,3,0,0,7,0,2,0,3,0,0,0,0,0,0,0,2,0,0,0,0,0,0,0,0,0,0,0,0,2,0,0,2,0,0,2,2,2,2,1,0,0,1,11/08/2017,Yes,1,0,0
1552,No,Laois,The Priory,Townparks,Borris in Ossory,"98/811, 04/416",08/12/1998,08/12/2009,6,6,0,0,0,12,0,0,0,9,0,0,0,0,0,3,0,0,0,0,0,0,0,0,0,0,0,0,0,0,0,0,0,0,0,0,0,0,0,0,1,0,0,1,11/08/2017,Yes,1,0,0
2269,No,Laois,Lake Drive,Kilminchy,Portlaoise,"98/542, 98/543, 07/1714, 09/797",20/01/1999,21/01/2012,36,82,16,0,0,134,110,2,0,1,0,5,0,8,0,0,0,8,0,0,0,0,0,0,0,0,0,0,0,0,117,0,0,117,0,117,0,117,117,117,6,4,2,0,11/09/2017,No,,0,0
1556,Yes,Leitrim,Acorn Wood,Drumshanbo Road,Leitrim Village,P03/1309,05/09/2005,04/09/2010,1,6,0,4,0,11,3,4,0,0,0,0,0,0,0,0,0,0,0,0,0,4,0,0,0,0,0,0,0,0,0,5,2,7,0,0,7,7,7,7,1,0,1,0,04/08/2017,No,,0,0
1566,No,Leitrim,Bramble Hill,Grovehill,Mohill,P02/445,27/01/2003,26/01/2008,5,6,0,0,0,11,5,0,0,6,0,0,0,0,0,0,0,0,0,0,0,0,0,0,0,0,0,0,0,0,11,0,0,11,0,5,0,5,5,5,0,0,0,0,03/08/2017,No,,5,0
1568,No,Leitrim,Carraig Breac,Carrick Road (Moneynure TD),Drumshanbo,P04/1521,08/03/2005,07/03/2010,0,8,29,34,0,71,12,5,0,12,0,0,0,0,0,0,0,8,0,0,0,0,0,8,0,0,0,0,0,26,0,18,0,18,0,18,0,18,18,18,4,1,0,3,04/08/2017,No,,1,0
1570,Yes,Leitrim,Cluain Oir,Leitrim TD,Leitrim Village,P04/1954,29/03/2005,23/03/2010,40,0,0,0,0,40,6,0,0,7,0,0,0,0,0,3,0,24,0,0,0,0,0,0,0,0,0,0,0,0,6,0,1,6,1,0,7,7,7,7,1,0,1,0,04/08/2017,No,,0,0
1572,No,Leitrim,Cnoc An Luir,Carrick Road (Moneynure TD),Drumshanbo,P00/630,14/03/2001,13/03/2007,23,2,16,0,0,41,24,1,0,16,0,0,0,0,0,0,0,0,0,0,0,0,0,0,0,0,0,0,0,0,25,0,0,25,0,25,0,25,25,25,1,0,0,1,04/08/2017,No,,2,0
1577,No,Leitrim,Corr A Bhile,R280 Manorhamilton Road,Killargue,P04/1011,01/12/2004,30/11/2009,5,12,0,0,0,17,1,2,0,0,0,2,0,0,0,2,0,10,0,0,0,0,0,0,0,0,0,0,0,0,3,0,0,3,0,0,3,3,3,3,1,0,0,1,04/08/2017,No,,0,0
1594,No,Leitrim,Knockmacrory Heights,Knockmacrory,Rooskey,P06/293,09/08/2006,08/08/2011,3,4,0,0,0,7,0,0,0,5,0,2,0,0,0,0,0,0,0,0,0,0,0,0,0,0,0,0,0,0,0,0,0,0,0,0,0,0,0,0,1,0,0,1,03/08/2017,Yes,1,0,0
1596,No,Leitrim,Cedar Wood,N16 Enniskillen Road,Glenfarne,P04/1987,17/10/2005,16/10/2010,8,4,0,0,0,12,0,0,0,0,0,4,0,2,0,0,0,6,0,0,0,0,0,0,0,0,0,0,0,0,0,0,0,0,0,0,0,0,0,0,1,0,0,1,03/08/2017,Yes,1,0,0
1604,No,Leitrim,Holland Drive,Skreeny,Manorhamilton,P04/1544,21/07/2005,20/07/2010,2,8,0,0,0,10,5,0,0,0,0,0,0,0,0,5,0,0,0,0,0,0,0,0,0,0,0,0,0,0,0,5,0,5,0,0,5,5,5,5,1,1,0,0,03/08/2017,No,,2,0
1610,No,Leitrim,Town Centre Development,Behind Main St/ Church Lane,Manorhamilton,P04/862,03/08/2005,30/05/2016,0,0,6,6,6,18,0,0,0,0,0,6,0,0,0,0,0,0,0,0,0,0,0,12,0,0,0,0,0,0,0,0,0,0,0,0,0,0,0,0,0,0,0,0,03/08/2017,Yes,1,0,0
1611,No,Leitrim,Lis Cara,Drumshanbo Road,Carrick-on-Shannon,P00/183,11/10/2000,10/01/2005,14,8,136,16,12,186,140,18,0,0,0,0,0,0,0,0,0,0,1,20,0,0,0,0,0,0,0,0,0,7,160,29,0,186,0,160,26,181,181,181,4,4,0,0,04/08/2017,No,,6,1
1613,No,Leitrim,Lough Melvin Forest Park,Kinlough TD,Kinlough,P04/1696,23/08/2006,,95,0,0,0,0,95,0,0,0,30,0,1,0,43,0,20,0,1,0,0,0,0,0,0,0,0,0,0,0,0,0,5,0,5,0,0,5,5,5,5,0,0,0,0,03/08/2017,Yes,1,0,0
1614,No,Leitrim,Mac Oisin Place,Dromod Beg TD,Dromod,P04/1606,24/06/2005,23/06/2010,11,14,5,10,0,40,5,0,0,5,0,0,0,1,0,0,0,19,10,0,0,0,0,0,0,0,0,0,0,0,15,5,0,20,0,15,5,20,20,20,2,2,0,0,03/08/2017,No,,1,0
1616,No,Leitrim,The Line,,Ballinamore,P04/1854,19/07/2005,18/07/2010,0,0,0,10,0,10,0,0,0,0,0,0,0,0,0,0,0,0,0,0,0,10,0,0,0,0,0,0,0,0,0,10,0,10,0,0,10,0,0,0,0,0,0,0,03/08/2017,Yes,1,0,0
1631,No,Leitrim,Winston Hunter,Fawn TD,Dromahair,P04/2027,30/11/2005,24/01/2014,5,2,0,0,0,7,0,0,0,4,0,3,0,0,0,0,0,0,0,0,0,0,0,0,0,0,0,0,0,0,0,0,0,0,0,0,0,0,0,0,2,0,0,2,04/08/2017,Yes,1,0,0
1643,No,Leitrim,The Meadows,R280 Manorhamilton Road,Killargue,P04/1635,10/10/2005,09/10/2010,8,0,0,1,0,9,0,0,0,8,0,0,0,0,0,0,0,0,0,0,0,0,0,0,0,0,0,0,0,1,0,0,0,0,0,0,0,0,0,0,1,0,0,1,04/08/2017,Yes,1,0,0
1646,No,Leitrim,The Waterways,Keshcarrigan TD,Keshcarrigan,P00/1240,07/10/2003,31/12/2019,12,44,8,16,0,80,0,0,0,10,0,6,0,0,0,25,23,0,0,0,0,0,0,0,0,0,0,0,16,0,0,0,0,0,0,0,4,4,4,4,3,0,0,3,04/08/2017,Yes,1,0,0
1648,Yes,Leitrim,Tuckmill Park( Glen Abhainn),Drumkeeran Road (R280),Manorhamilton,00/491,13/06/2005,12/06/2010,5,0,0,0,0,5,2,0,0,3,0,0,0,0,0,0,0,0,0,0,0,0,0,0,0,0,0,0,0,0,0,0,5,0,5,0,5,5,5,5,1,1,0,0,03/08/2017,No,,0,0
2873,No,Leitrim,Strawberry Fields,Cappagh Td,Mohill,P06/1031,10/05/2007,09/05/2012,14,0,0,0,0,14,2,0,0,0,0,0,0,0,0,0,0,12,0,0,0,0,0,0,0,0,0,0,0,0,0,2,0,0,2,0,0,2,2,2,1,0,0,0,03/08/2017,No,,2,0
2877,No,Leitrim,Druminshingore,Druminshingore,Newtowngore,P00/86 & P06/322,12/10/2000,11/10/2005,4,0,0,0,0,4,0,0,0,2,0,0,0,0,0,0,0,2,0,0,0,0,0,0,0,0,0,0,0,0,0,0,0,0,0,0,0,0,0,0,0,0,0,0,03/08/2017,Yes,1,0,0
2878,No,Leitrim,Lough Melvin Forest Park,Kinlough,Kinlough,P04/1692,20/02/2006,19/02/2011,11,0,0,0,0,11,0,0,0,0,0,1,0,2,0,7,0,1,0,0,0,0,0,0,0,0,0,0,0,0,0,0,0,0,0,0,0,0,0,0,0,0,0,0,03/08/2017,Yes,1,0,0
1676,No,Limerick,Coolbawn Meadows,,Castleconnell,06/1354,27/10/2006,29/11/2011,5,60,4,0,0,69,31,0,0,0,0,0,0,0,0,13,0,25,0,0,0,0,0,0,0,0,0,0,0,0,31,0,0,31,0,31,0,31,31,31,3,1,0,2,05/09/2017,No,,2,0
1692,Yes,Limerick,Aos Cluan,Clarina,Clarina,99/2676,,21/11/2012,31,110,55,0,0,196,80,10,10,0,4,0,0,0,0,0,0,92,0,0,0,0,0,0,0,0,0,0,0,0,90,0,0,90,0,72,0,90,90,90,6,2,0,0,05/09/2017,No,,0,0
1695,No,Limerick,"Development under PP ref. 05/1623
",Well Lane,Rathkeale,05/1623,27/10/2005,25/10/2011,18,0,0,0,0,18,4,0,11,0,0,1,0,0,0,0,0,2,0,0,0,0,0,0,0,0,0,0,0,0,4,0,0,4,0,4,0,4,4,4,2,0,0,2,05/09/2017,No ,,0,0
1697,No,Limerick,Banemore ,Abbeyfeale Rd,Broadford,04/812,,16/05/2010,4,0,0,0,0,4,0,0,0,2,0,0,0,0,0,0,0,2,0,0,0,0,0,0,0,0,0,0,0,0,0,0,2,0,2,0,2,2,2,2,1,0,0,1,04/09/2017,Yes,1,0,0
1702,No,Limerick,Cahir Fuiseog,Herbertstown,Herbertstown,06/654,16/11/2006,15/11/2011,12,10,25,0,0,47,12,1,0,0,0,0,0,3,0,0,0,31,0,0,0,0,0,0,0,0,0,0,0,0,13,0,0,13,0,13,0,13,13,13,4,3,1,0,05/09/2017,"No
",,0,0
1706,No,Limerick,Cluain Dara ,Broadford,Broadford,06/1188,30/11/2006,29/11/2013,15,0,0,0,0,15,0,1,1,0,0,1,0,0,0,2,0,10,0,0,0,0,0,0,0,0,0,0,0,0,0,0,1,0,1,0,1,1,1,1,0,2,0,0,04/09/2017,Yes,1,0,0
1708,No,Limerick,Cois Na Feile,Clash Rd,Abbeyfeale,04/769,,15/03/2011,0,12,12,0,0,24,12,0,0,12,0,0,0,0,0,0,0,0,0,0,0,0,0,0,0,0,0,0,0,0,12,0,0,12,0,12,0,12,12,12,3,2,0,1,04/09/2017,"No
",,12,0
1712,Yes,Limerick,Deel Manor ,Askeaton,Askeaton,02/1891,01/09/2003,01/03/2013,14,116,10,0,0,140,119,1,0,0,0,0,0,0,0,0,0,20,0,0,0,0,0,0,0,0,0,0,0,0,120,0,0,120,0,120,0,120,120,120,4,4,0,0,05/09/2017,"No
",,25,0
1715,yes,Limerick,Ellis Wood ,Glenashrone,Abbeyfeale,05/953,,26/10/2015,19,66,12,0,0,97,14,0,0,0,0,4,0,0,0,4,0,75,0,0,0,0,0,0,0,0,0,0,0,0,0,14,0,14,0,14,0,14,14,14,7,3,0,4,04/09/2017,"No
",,2,0
1722,No,Limerick,Knights Court,South Quay,Newcastle West,04/823,,22/11/2009,0,8,14,0,0,22,11,0,0,0,0,0,0,0,0,0,0,11,0,0,0,0,0,0,0,0,0,0,0,0,11,0,0,11,0,11,0,11,11,11,1,0,0,1,04/09/2017,"No
",,0,0
1733,No,Limerick,Tread na Ri,Kilfinnane,Kilfinnane,00/2521,,26/09/2008,0,28,30,0,0,58,42,3,0,0,0,0,0,0,0,13,0,0,0,0,0,0,0,0,0,0,0,0,0,0,45,0,0,45,0,45,0,45,45,45,3,3,0,0,05/09/2017,"No
",,4,0
1737,No,Limerick,Toormore,Main St,Bruree,May-02,24/11/2005,23/11/2015,3,30,7,0,0,40,20,0,0,0,0,0,0,0,0,5,0,15,0,0,0,0,0,0,0,0,0,0,0,0,20,0,0,20,0,20,0,20,20,20,4,2,0,2,05/09/2017,"No
",,0,0
1739,No,Limerick,Unknown,Main St.,Patrickswell,00/2987,,19/06/2017,0,0,11,0,7,18,1,3,0,7,0,0,0,0,0,0,0,0,7,0,0,0,0,0,0,0,0,0,0,0,11,0,0,11,0,11,0,7,7,7,2,1,0,1,05/09/2017,"No
",,0,0
2869,No,Limerick,"Development under PP ref. 06/1636
",Wolfe Tone St.,Kilmallock,06/1636,19/10/2006,18/10/2011,0,0,2,2,2,6,0,0,0,2,0,0,0,0,0,0,0,0,0,0,0,4,0,0,0,0,0,0,0,0,0,0,0,0,0,0,0,0,0,0,0,0,0,0,05/09/2017,Yes,1,0,0
1763,No,Longford,Beechwood Park,Churchquarter,Granard,0277+04754+99672,30/8/02+18/1/05,,12,40,0,0,0,52,50,1,1,0,0,0,0,0,0,0,0,0,0,0,0,0,0,0,0,0,0,0,0,0,0,52,0,52,0,52,0,52,52,52,5,5,0,0,08/08/2017,"No
",,0,0
1768,No,Longford,Carrig Glas Manor,Carrickglass Demense,Carrickglas,4638,14/02/2005,14/02/2015,331,0,0,0,0,331,0,69,0,0,0,30,0,0,0,0,0,232,0,0,0,0,0,0,0,0,0,0,0,0,0,0,69,0,69,0,69,0,0,0,0,0,0,0,08/08/2017,Yes,1,0,0
1769,No,Longford,Cartron Road,Cartrons,Kenagh,4967,02/06/2005,01/06/2010,6,0,0,0,0,6,0,5,0,0,0,0,0,0,0,1,0,0,0,0,0,0,0,0,0,0,0,0,0,0,0,0,5,0,5,0,5,0,0,0,0,0,0,0,08/08/2017,Yes,1,0,0
1774,No,Longford,Clough Dillons,Ballymahon Road,Kenagh,3727,17/5/04+7/3/05,06/03/2010,43,26,0,0,0,69,43,1,0,3,0,0,0,0,0,0,0,22,0,0,0,0,0,0,0,0,0,0,0,0,0,45,0,45,0,43,0,44,44,44,2,2,0,0,08/08/2017,"No
",,3,0
1783,Yes,Longford,Corncrake Meadows,Drimanure,Abbeyshrule,41298,02/06/2005,01/06/2010,26,0,0,0,0,26,14,0,0,0,0,0,0,0,0,6,0,6,0,0,0,0,0,0,0,0,0,0,0,0,14,0,0,14,0,0,14,14,14,14,4,4,0,0,08/08/2017,"No
",,0,0
1792,No,Longford,Greville Arms Court,Market St. / Main St.,Granard,41164,03/11/2005,02/11/2010,0,0,0,10,4,14,0,0,0,0,0,0,0,0,0,0,0,0,0,0,0,14,0,0,0,0,0,0,0,0,0,0,14,0,14,0,14,0,0,0,1,0,0,1,08/08/2017,Yes,1,0,0
1807,No,Longford,Radharc an Choill,Creeve,Cullyfad,05324+09219,10/10/05+7/1/10,,20,12,0,0,0,32,4,1,0,0,0,2,0,1,0,0,0,24,0,0,0,0,0,0,0,0,0,0,0,0,0,5,0,5,0,5,0,5,5,5,1,1,0,0,08/08/2017,Yes,1,2,0
1810,No,Longford,Rockview,Clondra,Clondra,4825,12/10/2005,11/10/2010,2,0,3,0,0,5,0,5,0,0,0,0,0,0,0,0,0,0,0,0,0,0,0,0,0,0,0,0,0,0,0,0,5,5,0,0,5,5,5,5,1,0,0,1,08/08/2017,Yes,1,0,0
1811,No,Longford,Rath R?,Smithfield,Legan,4363,21/02/2005,20/02/2010,13,8,7,0,0,28,0,0,0,22,0,0,0,0,0,0,0,6,0,0,0,0,0,0,0,0,0,0,0,0,0,0,0,0,0,0,0,0,0,0,5,0,0,5,08/08/2017,Yes,1,0,0
1832,No,Longford,Leader Park,"Glack Td., Townparks",Longford Town,0033+04115,02/02/01 +24/3/05,24/03/2011,2,16,0,15,15,48,18,0,0,0,0,0,0,0,0,0,0,0,20,0,0,10,0,0,0,0,0,0,0,0,20,18,0,20,28,38,0,38,38,38,1,1,0,0,08/08/2017,No,,18,0
2883,No,Longford,Rath Na gCarraige,Ballycloghan,Carrickboy,04657+04/1100+10/165,15/06/2005,14/06/2013,18,0,0,0,0,18,6,0,0,2,0,2,0,0,0,5,0,3,0,0,0,0,0,0,0,0,0,0,0,0,8,0,0,8,0,0,8,8,8,8,2,0,0,2,08/08/2017,No,,0,0
775,Yes,Louth,"Belfry Lane, Listoke Avenue, Kilberry Street","Liscorrie, Bog lane",Drogheda,06 193,27/02/2007,11/04/2017,11,12,81,36,40,180,34,0,21,0,20,0,0,4,0,0,0,25,0,0,0,0,0,0,0,0,0,0,0,76,0,34,0,34,0,34,0,34,34,34,2,0,1,1,29/08/2017,No,,0,0
778,No,Louth,"Tullybrook Lane, Tullybrook Place","Tullybrook, Tullyallen",Drogheda,0677 + 08155,13/03/2007,12/03/2017,7,48,31,95,10,191,26,1,0,3,0,0,0,0,0,0,0,56,0,0,0,0,0,0,0,0,0,0,0,105,0,30,0,30,0,21,9,30,30,30,4,1,0,3,29/08/2017,No,,0,0
876,No,Louth,Ard Dealgan,Quay Street,Dundalk,5289,24/07/2006,23/07/2006,0,0,0,73,0,73,0,0,0,0,0,0,0,0,0,0,0,0,0,73,0,0,0,0,0,0,0,0,0,0,73,0,0,73,0,73,0,73,73,73,3,3,0,0,29/08/2017,Yes,1,0,0
897,No,Louth,Racecourse Meadows,Racecourse Rd.,Dundalk,06 339,02/07/2007,19/09/2015,0,12,123,71,0,206,2,1,0,5,0,0,0,13,0,0,0,114,1,2,0,15,0,0,0,0,0,0,0,53,0,26,0,26,0,26,0,6,6,6,3,1,0,2,29/08/2017,No,,2,1
1840,No,Louth,Belfedock Manor,Baltray Rd.,Termonfeckin,06 62,12/07/2007,29/06/2011,51,0,0,0,0,51,0,0,0,2,0,0,0,0,0,0,0,49,0,0,0,0,0,0,0,0,0,0,0,0,0,0,2,2,0,0,2,2,2,2,3,0,0,3,29/08/2017,Yes,1,0,0
1858,No,Louth,Elmore Lawns,Knocknagoran,Omeath,97 730,16/10/1998,14/06/2010,0,18,0,0,0,18,18,0,0,0,0,0,0,0,0,0,0,0,0,0,0,0,0,0,0,0,0,0,0,0,0,16,2,0,18,14,4,18,18,18,2,2,0,0,29/08/2017,No,,3,0
1862,No,Louth,Kierans Wood,Collon Rd,Tinure Cross,06 1551,12/02/2007,10/04/2013,7,0,0,0,0,7,1,1,0,0,0,0,0,1,0,0,0,4,0,0,0,0,0,0,0,0,0,0,0,0,0,0,2,2,0,0,2,2,2,2,0,0,0,0,29/08/2017,No,,1,0
1878,No,Louth,Oyster Bay Court,Greenore Rd.,Carlingford,00 612,15/12/2000,15/12/2005,11,8,50,0,12,81,60,1,0,8,0,0,0,0,0,0,0,0,0,0,0,12,0,0,0,0,0,0,0,0,0,81,0,81,0,81,0,61,61,61,2,2,0,0,29/08/2017,No,,26,0
1881,Yes,Louth,Railway Cottages,Lordship,Jenkinstown,04 615,19/09/2004,05/01/2013,4,8,0,0,0,12,4,0,1,0,0,0,0,2,0,0,0,5,0,0,0,0,0,0,0,0,0,0,0,0,4,0,0,4,0,4,0,4,4,4,2,2,0,0,29/08/2017,Yes,1,1,0
1901,No,Louth,Willowbrook,Dundalk Rd,Dromiskin,06 369,02/11/2007,02/10/2012,3,8,5,0,0,16,5,1,0,2,0,4,0,1,0,3,0,0,0,0,0,0,0,0,0,0,0,0,0,0,0,8,0,8,0,0,4,8,8,8,1,1,0,0,29/08/2017,No,,5,0
3180,No,Louth,Rampark,Lordship,,,,,5,0,0,0,0,5,1,0,,1,,,,3,,,,,0,0,,,,,,,,,,,0,0,0,0,0,0,0,1,1,1,0,0,0,0,29/08/2017,No,,1,0
29,No,Mayo,Abbey Court,Killala Road,Ballina,982891,,16/06/2004,21,104,6,0,0,131,80,2,0,2,0,2,0,0,0,0,0,45,0,0,0,0,0,0,0,0,0,0,0,0,82,0,0,82,0,82,0,82,82,82,5,3,0,2,24/07/2017,No,,4,0
158,No,Mayo,The Waterways,Ballinrobe Road,Castlebar,53352,26/09/2006,30/10/2011,51,0,8,6,0,65,0,0,0,0,0,15,0,0,0,0,0,44,0,0,0,0,0,6,0,0,0,0,0,0,0,0,0,0,0,0,0,0,0,0,2,0,0,2,24/07/2017,Yes,1,0,0
1958,No,Mayo,"Beechpark, Grattan Park",Convent Road,Claremorris,"051000, 062836, 072946","31/01/06, 15/01/07, 09/01/08",14/01/2012,7,4,16,12,12,51,12,0,0,0,0,0,0,2,0,4,0,9,0,0,0,8,0,8,0,0,0,0,0,8,12,0,0,12,0,12,0,12,12,12,2,1,0,1,25/07/2017,No,,9,0
1970,No,Mayo,Cill O Shighin,Galway Road,Ballinrobe,"032953, 071181",01/09/2004,04/10/2015,12,26,45,0,0,83,59,6,0,3,0,0,0,0,0,0,0,15,0,0,0,0,0,0,0,0,0,0,0,0,0,67,0,67,0,67,0,67,67,67,3,2,0,1,25/07/2017,No,,12,0
1979,No,Mayo,Craobh Ban,Quay Road,Newport,33537,06/05/2005,,0,0,36,6,0,42,6,3,0,0,0,0,0,0,1,0,0,26,2,0,0,0,0,0,0,2,0,0,0,2,0,0,11,11,0,6,6,11,11,11,6,2,0,4,24/07/2017,No,,2,2
1980,No,Mayo,Derry Gurry,Pontoon Road,Foxford,51405,08/11/2005,08/12/2015,18,0,0,0,0,18,2,0,0,0,0,0,0,3,0,0,0,13,0,0,0,0,0,0,0,0,0,0,0,0,2,0,3,2,0,0,2,2,2,2,1,0,0,1,24/07/2017,No,,0,0
1989,Yes,Mayo,Glenbrook,Kiltimagh Road,Knock,"042968, 062180","06/05/2005, 20/10/06",19/10/2011,5,44,18,10,10,87,34,4,0,2,0,0,0,0,0,2,0,25,0,0,0,0,0,0,0,0,0,0,0,20,0,38,0,38,0,38,0,38,38,38,2,1,1,0,25/07/2017,No,,6,0
2027,No,Mayo,Suan Tra,Aghleam,Aghleam,21434,24/10/2002,23/10/2007,4,0,0,0,0,4,0,0,0,4,0,0,0,0,0,0,0,0,0,0,0,0,0,0,0,0,0,0,0,0,0,0,0,0,0,0,0,0,0,0,0,0,0,0,25/07/2017,Yes,1,0,0
2054,Yes,Meath,Clos Na Croise,Kilballivor,Ballivor,FS7072 TA30492,17/04/2007,17/04/2012,0,0,19,19,0,38,19,0,0,0,0,0,0,0,0,0,0,0,9,2,0,0,0,8,0,0,0,0,0,0,0,30,0,30,0,30,0,30,30,30,1,1,0,0,25/08/2017,No,,6,9
2081,yes,Meath,Poynton Place,The Glebe,Ballivor,TA30232,15/06/2004,15/06/2009,1,30,14,0,0,45,25,12,1,0,0,6,0,1,0,0,0,0,0,0,0,0,0,0,0,0,0,0,0,0,0,18,0,18,0,18,0,18,18,18,4,3,0,1,25/08/2017,No,,19,0
2122,No,Monaghan,Bothar Na Mullan,Smithborough Road,Scotstown,05/124,27/03/2007,,0,28,0,0,0,28,0,0,0,0,0,4,0,0,0,4,0,20,0,0,0,0,0,0,0,0,0,0,0,0,0,0,0,0,0,0,0,0,0,0,0,0,0,0,17/07/2017,Yes,1,0,0
2126,No,Monaghan,Cnoc Na Greine,Ballanode Road,Tydavnet,08 1292,20/03/2009,,0,6,0,0,0,6,0,0,0,6,0,0,0,0,0,0,0,0,0,0,0,0,0,0,0,0,0,0,0,0,0,0,0,0,0,0,0,0,0,0,0,0,0,0,17/07/2017,Yes,1,0,0
2128,No,Monaghan,Drummond Ross,Ardee Road,Carrickmacross,45,11/02/2005,,0,0,19,14,0,33,0,0,0,0,0,19,0,0,0,0,0,0,0,0,0,0,0,14,0,0,0,0,0,0,0,0,0,0,0,0,0,0,0,0,2,0,0,2,17/07/2017,Yes,1,0,0
2155,No,Monaghan,Forest Walk,Mullaghmatt,Monaghan Town,MTC 06/8 & MCC 06/55,08/03/2007,,2,50,15,0,0,67,0,0,0,0,0,8,0,2,0,6,0,51,0,0,0,0,0,0,0,0,0,0,0,0,0,0,6,0,6,0,6,0,0,0,2,0,0,2,17/07/2017,Yes,1,0,0
2981,No,Monaghan,Corr na Ghlass,Rear of 80 Main Street,Ballybay,04/1447,,01/01/2000,0,0,0,4,4,8,0,0,0,0,0,0,0,0,0,0,0,0,3,0,1,0,4,0,0,0,0,0,0,0,0,0,8,0,8,0,8,2,2,2,0,0,0,0,17/07/2017,No,,0,3
3003,No,Monaghan,Candlefort,Inniskeen,Co Monaghan,05/696,,01/01/2000,0,0,4,0,0,4,1,1,0,2,0,0,0,0,0,0,0,0,0,0,0,0,0,0,0,0,0,0,0,0,4,0,0,4,0,4,0,4,4,4,0,0,0,0,17/07/2017,No,,1,0
2242,No,Offaly,An Corran,,Crinkle,99/1457,18/04/2002,17/04/2007,0,24,0,0,0,24,6,18,0,0,0,0,0,0,0,0,0,0,0,0,0,0,0,0,0,0,0,0,0,0,24,0,0,24,0,0,24,24,24,24,1,1,0,0,26/07/2017,No,,0,0
2243,No,Offaly,An Cumeen,,Banagher,04/718,22/02/2005,21/02/2010,0,0,4,6,0,10,0,4,0,0,0,0,0,0,0,0,0,0,0,3,0,3,0,0,0,0,0,0,0,0,2,0,8,2,8,2,8,10,10,10,0,0,0,0,26/07/2017,Yes,1,0,0
2263,No,Offaly,Sprinfort,,Monegall,07/359,11/06/2007,10/06/2012,1,14,0,0,0,15,4,0,0,2,0,0,0,0,0,9,0,0,0,0,0,0,0,0,0,0,0,0,0,0,4,0,11,4,0,0,15,4,4,4,2,0,0,2,26/07/2017,No,,0,0
2267,No,Offaly,Tyrrels Brook,Tyrells Lane,Edenderry,6849,11/04/2007,17/05/2012,0,42,0,0,0,42,9,0,0,0,0,0,0,0,0,20,0,13,0,0,0,0,0,0,0,0,0,0,0,0,9,0,0,9,0,9,0,9,9,9,3,0,0,3,26/07/2017,No,,0,0
2563,No,Offaly,Esker Hills Golf Club,Eskar Hills,Tullamore,41799,13/07/2006,12/07/2011,0,18,20,0,0,38,20,0,0,18,0,0,0,0,0,0,0,0,0,0,0,0,0,0,0,0,0,0,0,0,20,0,18,20,18,20,18,20,20,20,0,0,0,0,26/07/2017,No,,0,0
2904,No,Offaly,Lismooney Court,Kinnity,Birr,04/1298,06/06/2005,06/06/2010,0,8,0,0,0,8,5,1,0,0,0,2,0,0,0,0,0,0,0,0,0,0,0,0,0,0,0,0,0,0,0,6,2,6,2,8,0,8,8,8,1,1,0,0,26/07/2017,No,,1,0
3066,No,Offaly,TULLAMORE RD,Cloneygowan,Cloneygowan,PL2/06/472,28/03/2007,27/03/2012,0,0,6,0,7,13,6,0,0,0,0,0,0,0,0,0,0,0,0,0,0,0,0,7,0,0,0,0,0,0,0,0,13,6,7,0,7,6,6,6,1,0,0,1,26/07/2017,Yes,1,0,0
2270,Yes,Roscommon,Abbeyfield,Sligo Road,Ballaghaderreen,01/739,02/04/2002,01/04/2007,4,0,24,0,0,28,15,4,0,3,0,6,0,0,0,0,0,0,0,0,0,0,0,0,0,0,0,0,0,0,0,21,0,21,0,21,0,21,21,21,1,1,0,0,16/08/2017,No,,15,0
2271,No,Roscommon,Abbeyville Court,Galway Road,Roscommon,1947,28/06/2001,29/04/2012,50,108,23,0,0,181,88,17,0,21,0,3,0,0,0,0,0,52,0,0,0,0,0,0,0,0,0,0,0,0,106,0,0,106,0,106,0,106,106,106,5,3,0,2,25/07/2017,No,,9,0
2273,No,Roscommon,Ashburton Grove,Boherbui Road,Ballaghaderreen,41038,24/11/2004,23/11/2009,2,6,0,0,0,8,4,0,0,0,0,0,0,0,0,4,0,0,0,0,0,0,0,0,0,0,0,0,0,0,4,0,0,4,0,4,0,4,4,4,1,0,0,1,16/08/2017,No,,0,0
2274,No,Roscommon,Ashfield,Greatmeadow,Boyle,"0032, 001957","09/08/00, 28/06/01",27/06/2007,32,0,0,0,0,32,24,3,0,5,0,0,0,0,0,0,0,0,0,0,0,0,0,0,0,0,0,0,0,0,0,27,0,27,0,27,0,27,27,27,2,1,0,1,04/08/2017,No,,1,0
2276,No,Roscommon,Ashwood,Srah,Knockcroghery,02373 & 04/1089,18/11/2002,06/12/2015,4,18,6,0,0,28,6,4,0,0,0,0,0,0,0,0,0,18,0,0,0,0,0,0,0,0,0,0,0,0,8,10,0,10,0,10,0,10,10,10,2,1,1,0,25/07/2017,No,,3,0
2277,No,Roscommon,Baile Na Mona,Ballinlough,Ballinlough,3787,15/12/2003,14/12/2008,0,0,13,5,0,18,0,5,0,0,0,0,0,0,0,4,0,4,0,5,0,0,0,0,0,0,0,0,0,0,0,10,0,10,0,0,10,10,10,10,5,0,1,4,25/07/2017,Yes,1,0,0
2280,No,Roscommon,"Development under PP ref. 04/2080
",Rosmeen,Ballintober,Apr-80,13/02/2005,,9,0,0,0,0,9,0,0,0,3,0,0,0,4,0,2,0,0,0,0,0,0,0,0,0,0,0,0,0,0,0,2,0,2,0,0,2,2,2,2,1,0,1,0,25/07/2017,Yes,1,0,0
2281,No,Roscommon,"Development under PP ref. 00/1728
",Boyle Road,Frenchpark,00/1728,30/08/2001,29/08/2006,5,0,0,0,0,5,3,0,2,0,0,0,0,0,0,0,0,0,0,0,0,0,0,0,0,0,0,0,0,0,0,3,0,1,2,0,3,3,3,3,1,0,1,0,29/08/2017,No,,1,0
2304,No,Roscommon,Coillte Bo,Cultyboe,Loughlynn,1191,04/08/2000,31/10/2011,6,24,0,0,0,30,13,6,0,0,0,0,0,0,0,0,0,11,0,0,0,0,0,0,0,0,0,0,0,0,0,17,0,17,0,17,0,17,17,17,3,3,0,0,29/08/2017,No,,0,0
2309,No,Roscommon,"Development under PP ref. 04/2621, 04/2270",Farnbeg,Strokestown,"04/2621, 04/2270","01/11/05, 09/11/05",08/11/2010,6,0,0,0,0,6,0,0,0,4,0,2,0,0,0,0,0,0,0,0,0,0,0,0,0,0,0,0,0,0,2,0,0,2,0,2,0,2,2,2,1,0,1,0,29/08/2017,Yes,1,0,0
2314,No,Roscommon,Farm Road,Farm Road,Ballinlough,00/276,06/09/2000,05/09/2005,0,10,0,0,0,10,0,0,0,0,0,10,0,0,0,0,0,0,0,0,0,0,0,0,0,0,0,0,0,0,0,0,0,0,0,0,0,0,0,0,0,0,0,0,25/07/2017,Yes,1,0,0
2316,No,Roscommon,Forest Park Manor,Old Carrick Road,Boyle,PL20.20750,12/01/2005,11/01/2010,16,40,6,0,0,62,12,2,0,14,0,0,0,0,0,0,0,34,0,0,0,0,0,0,0,0,0,0,0,0,0,14,0,14,0,0,14,14,14,14,4,2,0,2,04/08/2017,No,,3,0
2325,Yes,Roscommon,Hanley Avenue,,Loughlynn,31556,30/08/2004,29/08/2009,0,12,0,0,0,12,7,5,0,0,0,0,0,0,0,0,0,0,0,0,0,0,0,0,0,0,0,0,0,0,10,0,4,10,0,0,12,12,12,12,2,2,0,0,29/08/2017,No,,0,0
2326,No,Roscommon,Hazelfort Park,,Lisacul,42033,16/11/2005,15/11/2010,11,8,0,0,0,19,0,0,0,3,0,2,0,2,0,0,0,12,0,0,0,0,0,0,0,0,0,0,0,0,0,3,0,3,0,0,3,3,3,3,2,1,0,1,29/08/2017,Yes,1,0,0
2329,No,Roscommon,Hillview,Falledeen,Ballinlough,41702,01/04/2005,31/03/2010,17,0,0,0,0,17,9,2,0,6,0,0,0,0,0,0,0,0,0,0,0,0,0,0,0,0,0,0,0,0,0,11,0,11,0,11,0,11,11,11,3,3,0,0,25/07/2017,No,,5,0
2330,No,Roscommon,Key West,Tintagh,Boyle,41071,04/10/2004,13/10/2009,6,0,0,0,0,6,0,0,0,6,0,0,0,0,0,0,0,0,0,0,0,0,0,0,0,0,0,0,0,0,0,0,2,2,0,0,2,2,2,2,0,0,0,0,04/08/2017,Yes,1,0,0
2337,No,Roscommon,Lios na hAbhainn,,Rooskey,42500,24/06/2005,23/06/2010,12,14,0,0,0,26,11,7,6,0,0,0,0,0,2,0,0,0,0,0,0,0,0,0,0,0,0,0,0,0,18,0,0,18,0,18,0,18,18,18,4,1,0,3,03/08/2017,No,,2,0
2339,No,Roscommon,Lisroyne Court,Elphin Street,Strokestown,"011778, 031746","01/10/03, 01/04/04",31/03/2009,0,0,12,0,0,12,0,0,0,12,0,0,0,0,0,0,0,0,0,0,0,0,0,0,0,0,0,0,0,0,0,0,12,12,0,0,12,12,12,12,1,0,1,0,29/08/2017,Yes,1,0,0
2354,Yes,Roscommon,Orchard Grove,Hillstreet Road,Elphin,404,19/07/2000,18/07/2005,4,18,0,0,0,22,19,0,3,0,0,0,0,0,0,0,0,0,0,0,0,0,0,0,0,0,0,0,0,0,15,5,2,17,5,19,3,19,19,19,1,1,0,0,29/08/2017,No,,0,0
2355,Yes,Roscommon,Pairc Caislean,Ballinasloe Road,Ballyforan,4192,18/08/2004,16/08/2017,18,0,0,0,0,18,2,0,0,2,0,0,0,0,0,3,0,11,0,0,0,0,0,0,0,0,0,0,0,0,0,4,0,4,0,4,0,4,4,4,1,0,0,1,19/09/2017,No,,2,0
2358,No,Roscommon,Quay West,Cooladye,Cootehall,031209 04 1949,10/06/2004,09/06/2009,1,22,0,0,0,23,7,4,0,12,0,0,0,0,0,0,0,0,0,0,0,0,0,0,0,0,0,0,0,0,11,12,0,11,0,0,11,11,11,11,3,3,0,0,04/08/2017,No,,1,0
2363,No,Roscommon,Rosshill,Galway Road,Roscommon,41828,28/02/2006,27/02/2013,52,194,105,4,0,355,0,0,0,4,0,0,0,0,0,30,0,317,0,0,0,0,0,0,0,0,0,0,0,4,0,0,0,0,0,0,0,0,0,0,8,0,0,8,25/07/2017,Yes,1,0,0
2369,No,Roscommon,Silveroe,Frenchpark Road,Boyle,"011598, 041919, PL20.229382","16/01/06, 04/06/08",15/01/2011,28,106,0,0,0,134,12,4,0,22,0,0,0,0,0,0,0,96,0,0,0,0,0,0,0,0,0,0,0,0,14,24,0,38,0,0,38,38,38,38,2,0,0,2,04/08/2017,No,,12,0
2372,No,Roscommon,The Granary,Charlestown Road,Ballaghaderreen,04/1021,14/10/2004,13/10/2009,0,0,8,4,0,12,0,4,0,0,0,4,0,0,0,0,0,0,0,0,0,4,0,0,0,0,0,0,0,0,0,4,0,4,0,0,4,4,4,4,1,0,1,0,16/08/2017,Yes,1,0,0
2374,Yes,Roscommon,The Maples,Tulsk Road,Strokestown,42173,31/03/2005,30/03/2010,13,24,0,0,0,37,26,3,0,0,0,0,0,0,0,0,0,8,0,0,0,0,0,0,0,0,0,0,0,0,0,12,11,23,0,0,23,23,23,23,2,2,0,0,29/08/2017,No,,0,0
2376,No,Roscommon,The Paddocks,Athleague,Athleague,"041296 00/974,02/1312,05/1812",24/04/2004,18/11/2016,37,8,0,0,0,45,21,1,0,0,0,1,0,0,0,1,0,21,0,0,0,0,0,0,0,0,0,0,0,0,17,0,0,17,0,0,17,17,17,17,4,2,0,2,19/09/2017,No,,2,0
2377,No,Roscommon,The Plains,Tulsk Road,Ballinagare,650,18/02/2001,19/03/2002,4,28,0,0,0,32,19,2,0,2,0,0,0,0,0,0,0,9,0,0,0,0,0,0,0,0,0,0,0,0,0,19,0,2,0,21,0,21,21,21,1,1,0,0,29/08/2017,No,,1,0
2386,No,Roscommon,Woodlands,Ballinlough Road,Loughlynn,"01369, 041977","21/02/02, 01/09/05",31/08/2013,1,20,0,0,0,21,9,4,0,0,0,4,0,0,0,0,0,4,0,0,0,0,0,0,0,0,0,0,0,0,13,0,0,13,0,13,0,13,13,13,4,2,0,2,29/08/2017,No,,4,0
2397,No,Sligo,Swan Point,Fish Quay,Sligo,PD04/99,13/12/2004,12/12/2009,0,0,0,54,0,54,0,0,0,0,0,0,0,0,0,0,0,0,0,0,0,54,0,0,0,0,0,0,0,0,0,0,0,0,0,0,0,0,0,0,0,0,0,0,16/08/2017,Yes,1,0,0
2399,No,Sligo,Aylesbury Park,,Sligo,PL08/786 PL09/452,05/06/2009,04/06/2014,2,10,0,0,0,12,6,2,0,0,0,3,0,1,0,0,0,0,0,0,0,0,0,0,0,0,0,0,0,0,7,0,0,7,0,0,5,5,5,5,1,1,0,0,16/08/2017,No,,2,0
2403,No,Sligo,Avena Mill Apartments,Knockmuldowney,Ballisodare,PL03/808,08/07/2004,07/07/2009,0,0,0,62,11,73,0,0,0,0,0,0,0,0,0,0,0,0,0,0,0,73,0,0,0,0,0,0,0,0,66,0,0,66,0,66,0,66,66,66,0,0,0,0,16/08/2017,Yes,1,0,0
2404,No,Sligo,Avena Mixed Use Development,Village Centre,Ballisodare,PL04/1504,11/07/2005,10/07/2010,0,0,0,76,0,76,0,0,0,0,0,0,0,0,0,0,0,0,0,0,0,76,0,0,0,0,0,0,0,0,0,0,0,0,0,0,0,0,0,0,0,0,0,0,16/08/2017,Yes,1,0,0
2411,No,Sligo,Clougher Court,Village Centre,Monasteradden,PL03/639,30/03/2004,29/03/2009,0,0,13,0,0,13,0,0,0,3,0,3,0,0,0,0,0,7,0,0,0,0,0,0,0,0,0,0,0,0,0,0,1,0,1,0,1,1,1,1,2,0,0,2,24/07/2017,Yes,1,0,0
2428,No,Sligo,Forthaven,Carrownacleigha,Coolaney,PL04/503 & 04/1140,17/11/2004,16/11/2009,8,82,0,0,0,90,52,0,0,8,0,0,0,2,0,0,0,28,0,0,0,0,0,0,0,0,0,0,0,0,52,0,0,52,0,52,0,52,52,52,2,2,0,0,16/08/2017,No,,2,0
2430,No,Sligo,Grange Dale,N15,Grange,PL06/1341,21/08/2007,20/08/2012,0,0,0,1,16,17,0,0,0,0,0,0,0,0,0,0,0,0,0,0,0,8,0,0,0,0,9,0,0,0,8,0,0,8,0,8,0,8,8,8,2,0,0,2,16/08/2017,Yes,1,0,0
2446,No,Sligo,John James Maye development,Masshill Road,Tubbercurry,PL01/899,07/03/2002,06/03/2007,0,0,5,0,0,5,0,0,0,5,0,0,0,0,0,0,0,0,0,0,0,0,0,0,0,0,0,0,0,0,5,0,0,5,0,5,0,5,5,5,0,0,0,0,24/07/2017,Yes,1,0,0
2456,No,Sligo,"Development under PP ref. 04/766
",Keenaghan,Ballymote,04/766,21/10/2004,20/10/2009,1,8,0,0,0,9,1,4,0,4,0,0,0,0,0,0,0,0,0,0,0,0,0,0,0,0,0,0,0,0,0,2,7,4,1,0,5,5,5,5,1,1,0,0,16/08/2017,No,,1,0
2457,No,Sligo,Philip Browne Development,Main Street,Aclare,PL05/170,02/03/2006,01/03/2011,0,0,4,0,0,4,0,0,0,4,0,0,0,0,0,0,0,0,0,0,0,0,0,0,0,0,0,0,0,0,4,0,0,4,0,4,0,4,4,4,0,0,0,0,24/07/2017,Yes,1,0,0
2467,No,Sligo,The Fairways,Boyle Road,Tubbercurry,PL04/469,23/09/2004,22/09/2009,7,102,0,32,0,141,67,11,0,0,0,0,0,14,0,0,0,17,16,16,0,0,0,0,0,0,0,0,0,0,14,110,0,124,0,124,0,124,124,124,4,3,0,1,24/07/2017,No,,6,0
2468,No,Sligo,The Fairways,Sligo Road,Ballygawley,PL04/160,25/05/2005,24/05/2010,17,0,0,0,0,17,0,0,0,8,0,2,0,5,0,0,0,2,0,0,0,0,0,0,0,0,0,0,0,0,1,2,0,2,0,1,0,1,1,1,3,2,0,1,16/08/2017,Yes,1,0,0
2206,Yes,Tipperary,Cardens Court,Mary Street,Templemore,TM/675,02/10/2002,01/02/2007,0,18,23,0,0,41,10,0,0,18,0,0,0,2,0,0,0,11,0,0,0,0,0,0,0,0,0,0,0,0,0,12,8,12,8,12,8,20,20,20,2,0,2,0,27/07/2017,No,,0,0
2207,No,Tipperary,Carrigderg,Ballycommon,Nenagh,6511255,,23/04/2017,6,6,11,0,0,23,12,0,0,0,0,0,0,0,0,4,0,7,0,0,0,0,0,0,0,0,0,0,0,0,14,0,0,14,0,14,0,14,14,14,1,1,0,0,31/07/2017,No,,1,0
2210,No,Tipperary,Cluain Doire,Kiltillane,Templemore,,,,17,16,21,0,0,54,18,2,0,3,0,0,0,3,0,0,0,28,0,0,0,0,0,0,0,0,0,0,0,0,20,0,0,20,0,20,0,20,20,20,3,0,1,2,27/07/2017,No,,13,0
2213,No,Tipperary,Droim An Oir,Drummin Road,Nenagh,06520083 & 12/52/0008,,23/04/2017,14,236,0,0,0,250,2,2,0,1,0,1,0,3,0,1,0,240,0,0,0,0,0,0,0,0,0,0,0,0,0,4,0,4,0,0,4,4,4,4,7,1,0,6,31/07/2017,No,,0,0
2223,No,Tipperary,M Teine,Loughmore Road,Templemore,TM750,03/12/2007,02/12/2012,18,0,0,0,0,18,3,0,0,0,0,0,0,0,0,8,0,7,0,0,0,0,0,0,0,0,0,0,0,0,3,0,0,3,0,3,0,3,3,3,1,0,0,1,27/07/2017,No,,0,0
2226,No,Tipperary,Mulkear View,Murroe Road,Newport,04/51/0479 & 09510128,,14/06/2014,10,50,16,16,0,92,12,3,0,3,0,4,0,2,0,0,0,52,0,0,0,0,0,0,0,0,0,0,0,16,21,0,0,18,0,18,0,18,18,18,2,1,1,0,31/07/2017,No,,3,0
2232,No,Tipperary,Springfort Meadows,Old Limerick Road,Nenagh,N323000,,19/01/2015,45,62,17,0,0,124,96,1,0,4,0,2,0,0,0,2,0,19,0,0,0,0,0,0,0,0,0,0,0,0,114,4,0,118,0,114,0,118,118,118,1,1,0,0,31/07/2017,No,,13,0
2235,Yes,Tipperary,The Grange,Templemore Road,Roscrea,5510932,23/05/2006,22/05/2016,24,2,3,0,0,29,16,0,0,0,0,0,0,1,0,1,0,11,0,0,0,0,0,0,0,0,0,0,0,0,0,23,0,23,0,23,0,23,23,23,2,2,0,0,27/07/2017,No,,1,0
2236,No,Tipperary,The Terrace / Ardan,Nenagh Road,Borrisokane,2510405,14/01/2003,13/01/2008,5,14,29,0,0,48,23,1,0,13,0,0,0,0,0,0,0,11,0,0,0,0,0,0,0,0,0,0,0,0,0,24,0,24,0,24,0,24,24,24,2,2,0,0,31/07/2017,No,,6,0
2241,No,Tipperary,Whitethorn Hill,Knock Road,Roscrea,4511606,12/08/2005,10/08/2015,2,24,8,0,0,34,9,2,0,0,0,0,0,2,0,4,0,17,0,0,0,0,0,0,0,0,0,0,0,0,11,0,0,11,0,11,0,11,11,11,2,1,1,0,27/07/2017,No,,0,0
2962,No,Tipperary,Kingston Heath,"Killeen, Off Portuma Road",Riverstown,05/51/1121,,07/09/2011,17,0,4,0,0,21,0,0,0,2,0,0,0,0,0,0,0,19,0,0,0,0,0,0,0,0,0,0,0,0,0,0,21,2,19,0,21,0,0,0,1,0,1,0,31/07/2017,Yes,1,0,0
2963,No,Tipperary,Riveroaks,Riverstown,Birr,3511493,,25/03/2009,3,0,0,0,0,3,0,1,0,1,0,1,0,0,0,0,0,0,0,0,0,0,0,0,0,0,0,0,0,0,0,0,3,0,3,0,3,1,1,1,1,0,0,1,31/07/2017,Yes,1,0,0
2965,No,Tipperary,Ashgrove,Monadreen,Thurles,09/54/0016,19/07/2009,18/07/2011,17,36,14,0,0,67,42,2,0,5,0,6,0,5,0,0,0,7,0,0,0,0,0,0,0,0,0,0,0,0,0,51,0,51,0,0,51,51,51,51,1,1,0,0,27/07/2017,No,,3,0
2967,No,Tipperary,Hillcrest Manor,Rosarymore,Newport,04/51/1611 & 06/51/1293,,04/02/2015,40,0,0,0,0,40,21,2,0,11,0,2,0,0,0,3,0,1,0,0,0,0,0,0,0,0,0,0,0,0,26,0,0,26,0,26,0,26,26,26,4,2,2,0,31/07/2017,No,,1,0
2971,No,Tipperary,Schoolhouse Row,Main Street,Portroe,02/51/0694,,08/04/2009,2,0,20,0,0,22,0,0,0,22,0,0,0,0,0,0,0,0,0,0,0,0,0,0,0,0,0,0,0,0,0,22,0,9,13,0,0,0,,,0,0,0,0,31/07/2017,Yes,1,0,0
144,No,Tipperary,Caiseal Na Ri,Golden Road,Cashel,03/447,21/10/2003,20/10/2010,36,52,17,3,0,108,87,9,0,4,0,2,0,0,0,0,0,3,0,0,0,0,0,0,0,0,0,0,0,3,98,0,0,98,0,98,0,96,96,96,5,5,0,0,21/07/2017,No,,7,0
146,No,Tipperary,The Steeples ,"Hughes Lot, Dualla Rd",Cashel,05/296,08/03/2006,08/02/2011,7,120,47,0,0,174,49,2,0,0,0,2,0,0,24,0,0,97,0,0,0,0,0,0,0,0,0,0,0,0,51,0,0,51,0,51,0,51,51,51,5,2,0,3,21/07/2017,No,,8,0
2479,No,Tipperary,Abbeyview,Abbey Road,Fethard,06/302,17/11/2006,18/11/2016,3,36,20,0,0,59,34,0,0,0,0,0,0,0,0,8,0,17,0,0,0,0,0,0,0,0,0,0,0,0,10,24,0,34,0,34,0,34,34,34,3,1,0,2,21/07/2017,No,,3,0
2486,No,Tipperary,Ivowen ,Kilsheelan,Kilsheelan,04/117,15/06/2005,14/06/2010,6,110,58,0,0,174,147,0,0,0,0,3,0,0,0,24,0,0,0,0,0,0,0,0,0,0,0,0,0,0,144,3,0,147,0,147,0,147,147,147,7,4,1,2,21/07/2017,No,,3,0
2487,No,Tipperary,Manor Court,Thomastown,Thomastown,05/747,10/10/2006,10/01/2011,0,10,0,0,0,10,3,0,0,5,0,0,0,0,0,2,0,0,0,0,0,0,0,0,0,0,0,0,0,0,0,4,4,8,0,8,0,4,4,4,1,0,0,1,21/07/2017,No,,3,0
2491,No,Tipperary,Kilnamanagh Manor,Dundrum,Dundrum,04/1162,26/05/2005,25/05/2010,14,36,0,0,0,50,10,1,0,2,0,11,0,0,0,0,0,26,0,0,0,0,0,0,0,0,0,0,0,0,9,2,0,9,2,9,2,9,9,9,5,2,0,3,27/07/2017,No,,1,0
2492,Yes,Tipperary,Ros Na Graine,Clogheen Rd. Magheragh,Ardfinnan,05/1228,28/08/2006,27/08/2016,13,54,0,0,0,67,6,5,0,17,0,0,0,0,0,0,0,39,0,0,0,0,0,0,0,0,0,0,0,0,8,0,0,8,0,8,0,8,8,8,11,2,0,9,21/07/2017,No,,0,0
2493,No,Tipperary,Sean Tracy Heights,Kilfeakle,Kilfeakle,05/834 & 12/65,19/12/2005 & 17/07/2012,18/12/2010 & 16/07/2017,0,16,0,0,0,16,6,3,0,1,0,0,0,0,0,6,0,0,0,0,0,0,0,0,0,0,0,0,0,0,0,9,0,8,0,8,0,9,9,9,2,2,0,0,21/07/2017,No,,2,0
2854,No,Tipperary,Coopers Close,Ballagh (Clonoulty),Cashel,03/1273,11/03/2004,10/03/2009,0,10,0,0,0,10,0,0,0,10,0,0,0,0,0,0,0,0,0,0,0,0,0,0,0,0,0,0,0,0,0,0,0,0,0,0,0,0,0,0,1,0,0,1,27/07/2017,Yes,1,0,0
2855,No,Tipperary,Cois Taire,Curragh,Goatenbridge,05/623,30/05/2006,29/05/2011,14,6,0,0,0,20,3,6,0,6,0,0,0,0,0,5,0,0,0,0,0,0,0,0,0,0,0,0,0,0,0,9,0,9,0,9,0,9,9,9,0,2,0,0,21/07/2017,No,,3,0
2856,No,Tipperary,The Paddocks,,"Gortnahoo, Thurles",05/996,21/09/2006,20/09/2011,0,50,0,0,0,50,0,0,0,0,0,9,0,5,0,8,0,28,0,0,0,0,0,0,0,0,0,0,0,0,0,0,0,0,0,0,0,0,0,0,2,0,0,2,21/07/2017,Yes,1,0,0
2857,No,Tipperary,Ard na Sidhe,Cashel Road,Clonmel,Aug-70,13/11/2008,12/11/2013,1,6,0,0,0,7,0,0,0,0,0,0,0,0,0,7,0,0,0,0,0,0,0,0,0,0,0,0,0,0,7,0,0,0,0,0,0,0,0,0,0,0,0,0,21/07/2017,Yes,1,0,0
2925,No,Tipperary,The Meadows,Ballyporeen,,61195,19/07/2006,13/02/2017,11,30,9,0,0,50,6,4,0,0,0,0,0,5,0,0,0,35,0,0,0,0,0,0,0,0,0,0,0,0,6,0,0,6,0,6,0,6,6,6,1,0,0,1,21/07/2017,No,,3,0
2990,No,Tipperary,Glenoir,Cullen,,7792,03/01/2008,06/02/2013,1,10,0,0,0,11,0,4,0,2,0,0,0,0,0,0,0,5,0,0,0,0,0,0,0,0,0,0,0,0,0,0,6,0,6,0,6,1,1,1,2,0,0,2,21/07/2017,No,,0,0
3080,No,Tipperary,Longfield Park,"Ardmayle East, Boherlahan,",Cashel,04/1574,27/07/2005,10/05/2018,11,40,0,0,0,51,9,17,0,0,0,0,0,0,0,7,18,0,0,0,0,0,0,0,0,0,0,0,0,0,26,0,0,26,0,26,0,26,26,26,3,3,0,0,27/07/2017,No,,9,0
2572,No,Waterford,Mount Suir Manor,Carrickphierish Road,Grace Dieu,5419,21/07/2006,20/07/2016,0,0,0,113,0,113,0,0,0,0,0,0,0,0,0,0,0,0,45,0,0,26,0,8,0,0,12,0,0,22,45,0,0,45,0,45,0,45,45,45,1,0,0,1,09/09/2017,No,,0,45
2573,No,Waterford,The Paddocks (PH. 1),GRANTSTOWN,Waterford,1003,28/06/2010,27/06/2015,12,30,56,21,0,119,62,0,0,0,0,0,0,0,0,6,0,30,21,0,0,0,0,0,0,0,0,0,0,0,0,83,0,83,0,83,0,83,83,83,6,5,0,1,09/09/2017,No,,8,0
2575,Yes,Waterford,Woodbrook,Carrickphierish Road,Grace Dieu,6313,06/10/2006,05/10/2011,17,56,50,96,96,315,53,0,4,0,2,0,0,0,0,2,0,62,42,4,0,2,0,0,0,2,0,2,0,140,79,20,0,99,0,99,0,99,99,99,8,3,0,5,09/09/2017,No,,17,0
2578,No,Waterford,Glaise Bheag,Ballyheeney,Clashmore,31432,04/11/2004,03/11/2009,0,6,0,0,0,6,0,0,0,0,0,0,0,2,0,0,0,4,0,0,0,0,0,0,0,0,0,0,0,0,0,0,0,0,0,0,0,0,0,0,1,0,0,1,09/09/2017,Yes,1,0,0
2586,No,Waterford,Monvoy Court,Crobally Upper,Tramore,71288,15/05/2008,14/05/2016,5,60,0,0,0,65,5,0,0,0,0,3,0,0,0,0,0,57,0,0,0,0,0,0,0,0,0,0,0,0,0,5,0,5,0,0,5,5,5,5,3,1,0,2,09/09/2017,No,,5,0
2587,No,Waterford,Newtown Park,Tramore,Tramore,11487,15/12/2011,24/05/2015,25,14,0,0,0,39,11,0,0,10,0,0,0,0,0,0,0,18,0,0,0,0,0,0,0,0,0,0,0,0,0,11,0,11,0,11,0,11,11,11,2,2,0,0,09/09/2017,No,,11,0
2594,No,Waterford,The Heritage,Dysart Grove,Ardmore,09/106,22/06/2009,24/04/2014,33,12,0,0,0,45,25,2,0,0,0,0,0,0,0,12,0,6,0,0,0,0,0,0,0,0,0,0,0,0,27,0,0,27,0,27,0,27,27,27,1,0,0,1,09/09/2017,No,,8,0
3040,Yes,Waterford,Ardan,Ballykinsella,Tramore,51327,22/11/2005,04/01/2011,5,0,0,0,0,5,2,1,0,0,0,0,0,0,0,2,0,0,0,0,0,0,0,0,0,0,0,0,0,0,3,0,0,3,0,3,0,3,3,3,0,0,0,0,09/09/2017,No,,0,0
2601,No,Westmeath,Cluain Lorcain,Ballyhealy Road,Delvin,May-80,17/11/2005,18/12/2010,1,20,15,0,0,36,7,0,0,0,0,0,0,0,0,8,0,21,0,0,0,0,0,0,0,0,0,0,0,0,0,7,2,7,2,0,9,7,7,7,1,0,0,1,27/07/2017,No,,0,0
2610,No,Westmeath,Royal Canal (Hawthorn Bank),Royal Canal,Mullingar,00/1664,05/03/2002,27/01/2012,0,115,0,189,142,446,53,0,0,2,0,0,0,0,10,0,0,50,52,0,0,0,0,0,0,0,0,0,0,279,105,0,0,105,0,105,0,105,105,105,2,2,0,0,27/07/2017,No,,0,0
2611,No,Westmeath,Ivy Court,Cloughan Road,Killucan,May-59,10/07/2006,08/07/2016,14,16,8,2,0,40,15,0,0,0,0,0,0,0,0,0,0,23,0,0,0,0,0,0,0,0,0,0,0,2,0,19,0,19,0,2,17,19,19,19,1,0,0,1,27/07/2017,No,,0,0
2612,No,Westmeath,Killucan Manor Phase 3,Rathwire,Killucan,1754,27/07/2006,03/06/2009,2,30,0,0,0,32,22,0,0,0,0,0,0,0,0,10,0,0,0,0,0,0,0,0,0,0,0,0,0,0,0,22,0,22,0,22,0,22,22,22,2,2,0,0,27/07/2017,No,,0,0
925,No,Wexford,Rath Park,Ballindaggin,Enniscorthy,2007/0557,16/04/2007,24/05/2012,0,10,0,0,0,10,6,0,0,0,0,0,0,4,0,0,0,0,0,0,0,0,0,0,0,0,0,0,0,0,6,0,0,6,0,0,6,6,6,6,1,0,0,1,02/08/2017,No,,6,0
929,No,Wexford,Berryfields,Ferns,Enniscorthy,20062544,01/09/2006,04/10/2011,30,28,0,0,0,58,43,0,0,3,0,0,0,12,0,0,0,0,0,0,0,0,0,0,0,0,0,0,0,0,0,42,0,42,0,42,0,42,42,42,4,3,1,0,24/07/2017,No,,23,0
931,Yes,Wexford,Carrigmacogue Park,Bree,Enniscorthy,20051242,27/10/2005,01/12/2015,24,0,0,0,0,24,14,3,0,4,0,0,0,0,0,0,0,3,0,0,0,0,0,0,0,0,0,0,0,0,9,8,4,17,0,9,4,17,17,17,0,0,0,0,24/07/2017,No,,0,0
945,No,Wexford,Pairc Na Bearna,Drumgoold,Enniscorthy,20064842,10/05/2007,14/06/2012,10,16,24,0,0,50,7,1,0,4,0,6,0,0,0,0,0,32,0,0,0,0,0,0,0,0,0,0,0,0,12,0,0,12,0,7,0,8,8,8,6,2,0,4,24/07/2017,No,,1,0
952,No,Wexford,Wheelagower,Rossard,Enniscorthy,20062390,18/10/2006,22/11/2011,4,0,0,0,0,4,0,0,0,0,0,0,0,2,0,2,0,0,0,0,0,0,0,0,0,0,0,0,0,0,0,0,0,0,0,0,0,0,0,0,0,0,0,0,02/08/2017,Yes,1,0,0
2189,Yes,Wexford,North Quay Terrace,New Ross,New Ross,NR 03/53,08/04/2004,,0,0,5,0,0,5,0,0,5,0,0,0,0,0,0,0,0,0,0,0,0,0,0,0,0,0,0,0,0,0,0,0,0,0,0,0,0,0,0,0,0,0,0,0,24/07/2017,Yes,1,0,0
2681,No,Wexford,Church Wood,Kilrane,Rosslare Harbour,20063218,23/10/2006,29/11/2016,0,24,8,0,0,32,16,0,0,6,0,0,0,0,0,0,0,10,0,0,0,0,0,0,0,0,0,0,0,0,0,22,0,22,0,22,0,16,16,16,4,2,0,2,24/07/2017,No,,1,0
2688,No,Wexford,Coill Na Guise,Ballytegan Park,Gorey,20045083,14/06/2005,21/07/2010,3,38,24,0,0,65,0,0,0,5,0,2,0,3,0,0,0,55,0,0,0,0,0,0,0,0,0,0,0,0,0,0,0,0,0,0,0,0,0,0,0,0,0,0,02/08/2017,Yes,1,0,0
2721,No,Wexford,Old Forest,Ryland Upper,Bunclody,20054148,16/03/2006,15/03/2011,7,50,0,0,0,57,44,0,0,0,0,0,0,13,0,0,0,0,0,0,0,0,0,0,0,0,0,0,0,0,28,16,0,44,0,44,0,44,44,44,3,2,0,1,02/08/2017,No,,0,0
2722,No,Wexford,Oldtown Court,Clongeen Village,Clongeen,20044388,25/05/2005,01/07/2012,15,0,0,0,0,15,10,0,0,2,0,0,0,2,0,1,0,0,0,0,0,0,0,0,0,0,0,0,0,0,0,10,0,10,0,0,9,9,9,9,5,5,0,0,24/07/2017,No,,7,0
2736,No,Wexford,Scholars Rest,Hollyfort,Gorey,20044595,09/05/2005,16/06/2015,8,0,0,0,0,8,0,2,0,4,0,0,0,2,0,0,0,0,0,0,0,0,0,0,0,0,0,0,0,0,0,8,0,8,0,0,8,2,2,2,0,0,0,0,02/08/2017,Yes,1,0,0
2740,No,Wexford,Shrule,Kilcomb,Gorey,20022607,21/02/2003,31/03/2008,2,0,0,0,0,2,0,0,0,0,0,2,0,0,0,0,0,0,0,0,0,0,0,0,0,0,0,0,0,0,0,0,0,0,0,0,0,0,0,0,0,0,0,0,02/08/2017,Yes,1,0,0
2743,No,Wexford,St Martins Road,St Martins Road,Rosslare Harbour,20080033,10/03/2008,17/04/2013,0,0,4,0,0,4,0,0,0,4,0,0,0,0,0,0,0,0,0,0,0,0,0,0,0,0,0,0,0,0,0,0,0,0,0,0,0,0,0,0,0,0,0,0,24/07/2017,"Yes
",1,0,0
2746,No,Wexford,Streem Street,Poulmarl,Taghmon,20012862,18/06/2002,17/06/2007,1,0,5,0,0,6,0,0,0,4,0,2,0,0,0,0,0,0,0,0,0,0,0,0,0,0,0,0,0,0,0,0,0,0,0,0,0,0,0,0,0,0,0,0,24/07/2017,Yes,1,0,0
2749,No,Wexford,Templar's Way,Clonlard,Fethard on Sea,20072592,30/08/2007,04/10/2012,5,0,0,0,0,5,0,1,0,2,0,2,0,0,0,0,0,0,0,0,0,0,0,0,0,0,0,0,0,0,0,5,0,1,0,1,0,1,1,1,1,0,0,1,24/07/2017,Yes,1,0,0
2762,No,Wicklow,Ardglass,Lathaleere East,Baltinglass,99/1820,03/01/2002,08/12/2015,52,56,26,0,0,134,118,3,3,0,7,0,0,0,0,3,0,0,0,0,0,0,0,0,0,0,0,0,0,0,127,3,4,121,0,121,0,121,121,121,10,8,0,2,11/08/2017,No,,20,0
2766,No,Wicklow,Ballycrone Manor,Ballycrone,Kilcoole,PL216106,29/06/2006,25/10/2015,4,16,12,0,0,32,16,0,0,0,0,0,0,6,0,1,0,9,0,0,0,0,0,0,0,0,0,0,0,0,0,16,16,16,0,16,0,16,16,16,2,2,0,0,02/08/2017,No,,0,0
2785,No ,Wicklow,Broomhall,Broomhall,Ballynerrin,Jun-17,14/08/2008,13/08/2013,0,139,0,0,0,139,0,0,0,0,0,0,0,0,0,2,0,137,0,0,0,0,0,0,0,0,0,0,0,0,0,0,0,0,0,0,0,0,0,0,0,0,0,0,02/08/2017,Yes,1,0,0
2803,No,Wicklow,Market Square,Main Street,Rathdrum,53375,26/07/2006,24/07/2016,4,0,18,28,0,50,0,0,0,0,0,5,0,5,0,0,0,12,0,0,0,0,0,20,0,0,0,0,0,8,0,0,0,0,0,0,0,0,0,0,0,0,0,0,02/08/2017,Yes,1,0,0
2814,No,Wicklow,Site,Oghill Lower,Redcross,"04372, 13/8020",10/08/2005,28/02/2018,6,0,0,0,0,6,0,0,0,0,0,0,0,0,0,5,0,1,0,0,0,0,0,0,0,0,0,0,0,0,0,0,0,0,0,0,0,0,0,0,0,0,0,0,02/08/2017,Yes,1,0,0
2815,No,Wicklow,Slaney Court,Edward Street,Baltinglass,04/1772,15/12/2005,14/12/2010,0,0,0,15,0,15,0,0,0,0,0,0,0,0,0,0,0,0,0,0,0,15,0,0,0,0,0,0,0,0,0,0,0,0,0,0,0,15,15,15,0,0,0,0,11/08/2017,Yes,1,0,0
2821,No,Wicklow,Viewmount ,Knockadosan,Rathdrum,"04/1200, 10/2022",22/12/2004,27/01/2012,31,48,22,0,0,101,18,2,0,0,0,0,0,0,0,14,0,67,0,0,0,0,0,0,0,0,0,0,0,0,20,0,0,20,0,13,7,20,20,20,8,1,0,7,02/08/2017,No,,0,0
2835,No,Wicklow,Mariners Point,Greenhills Road,Wicklow Town,Jun-21,30/03/2007,09/02/2015,38,8,0,0,0,46,4,1,0,5,0,0,0,0,0,21,0,15,0,0,0,0,0,0,0,0,0,0,0,0,0,10,36,10,36,10,36,10,10,10,3,1,0,2,02/08/2017,No,,4,0
2836,No,Wicklow,Priory Court,Wentworth Place,Wicklow Town,73117,13/08/2007,12/08/2012,0,0,0,4,0,4,0,0,0,0,0,0,0,0,0,0,0,0,0,0,0,0,0,4,0,0,0,0,0,0,0,0,0,0,0,0,0,0,0,0,0,0,0,0,02/08/2017,Yes,1,0,0
,,,,,,,,,,,,,,,,,,,,,,,,,,,,,,,,,,,,,,,,,,,,,,,,,,,,,,,,,
,55,,,,,,,,4922,10160,4921,4147,700,24850,7228,838,149,1120,55,471,43,723,38,854,54,8430,1533,246,1,489,4,687,56,132,21,162,16,1500,6924,3331,494,10054,514,9214,1131,9912,9900,9909,924,418,50,457,,130,130,990,315
